name,brand,picture,min_price,max_price,dong_url,jia_url,dong_score,jia_score,size,type,engine,gearbox
Giulia,阿尔法・罗密欧,,37.98,97.98,,https://www.autohome.com.cn/3825/#pvareaid=6834146,,4.54,中型车,三厢,2.0T 2.9T,手自一体
Stelvio,阿尔法・罗密欧,,45.68,96.98,,https://www.autohome.com.cn/4196/#pvareaid=6834146,,4.54,中型SUV,SUV,2.0T 2.9T,手自一体
奥迪A3,奥迪,,20.31,24.97,,https://www.autohome.com.cn/3170/#pvareaid=6834146,,4.54,紧凑型车,两厢 三厢,1.4T,干式双离合
奥迪A4L,奥迪,,30.58,39.68,,https://www.autohome.com.cn/692/#pvareaid=6834146,,4.47,中型车,三厢,2.0T,湿式双离合
奥迪A6L,奥迪,,41.98,65.38,,https://www.autohome.com.cn/18/#pvareaid=6834146,,4.55,中大型车,三厢,2.0T 3.0T,湿式双离合
奥迪A6L新能源,奥迪,,50.80,50.80,,https://www.autohome.com.cn/4526/#pvareaid=6834146,,4.54,中大型车,,2.0T,
奥迪Q2L,奥迪,,21.88,26.50,,https://www.autohome.com.cn/4871/#pvareaid=6834146,,4.53,小型SUV,SUV,1.4T,干式双离合
奥迪Q2L e-tron,奥迪,,22.68,23.73,,https://www.autohome.com.cn/5240/#pvareaid=6834146,,4.50,小型SUV,,136马力,
奥迪Q3,奥迪,,27.43,35.68,,https://www.autohome.com.cn/2951/#pvareaid=6834146,,4.44,紧凑型SUV,SUV,1.4T 2.0T,湿式双离合
奥迪Q3 Sportback,奥迪,,28.73,36.18,,https://www.autohome.com.cn/5933/#pvareaid=6834146,,4.63,紧凑型SUV,SUV跨界车,1.4T 2.0T,湿式双离合
奥迪Q5L,奥迪,,39.68,48.70,,https://www.autohome.com.cn/4851/#pvareaid=6834146,,4.59,中型SUV,SUV,2.0T,湿式双离合
奥迪Q5L Sportback,奥迪,,42.68,49.99,,https://www.autohome.com.cn/5912/#pvareaid=6834146,,4.58,中型SUV,SUV跨界车,2.0T,湿式双离合
奥迪e-tron,奥迪,,54.68,64.88,,https://www.autohome.com.cn/5765/#pvareaid=6834146,,4.60,中大型SUV,,313马力,
奥迪RS 4,奥迪,,81.28,81.28,,https://www.autohome.com.cn/2733/#pvareaid=6834146,,4.50,中型车,旅行版,2.9T,手自一体
奥迪RS 5,奥迪,,83.68,85.98,,https://www.autohome.com.cn/2735/#pvareaid=6834146,,4.63,中型车,掀背 硬顶跑车,2.9T,手自一体
奥迪RS 6,奥迪,,142.88,177.39,,https://www.autohome.com.cn/2737/#pvareaid=6834146,,,中大型车,旅行版,4.0T,手自一体
奥迪RS 7,奥迪,,144.88,172.23,,https://www.autohome.com.cn/2994/#pvareaid=6834146,,,中大型车,掀背,4.0T,手自一体
奥迪RS Q8,奥迪,,146.88,184.74,,https://www.autohome.com.cn/5508/#pvareaid=6834146,,4.38,中大型SUV,SUV,4.0T,手自一体
奥迪R8,奥迪,,228.88,275.34,,https://www.autohome.com.cn/511/#pvareaid=6834146,,,跑车,硬顶跑车,5.2L,湿式双离合
博速 G级,巴博斯,,1200.00,1200.00,,https://www.autohome.com.cn/2809/#pvareaid=6834146,,,中大型SUV,SUV,4.0T,手自一体
宝骏E100,宝骏,,4.98,5.48,,https://www.autohome.com.cn/3993/#pvareaid=6834146,,4.50,微型车,,39马力,
宝骏E200,宝骏,,5.48,6.48,,https://www.autohome.com.cn/4890/#pvareaid=6834146,,4.47,微型车,,39马力,
宝骏E300,宝骏,,6.48,8.48,,https://www.autohome.com.cn/5559/#pvareaid=6834146,,4.43,微型车,,54马力,
宝骏310,宝骏,,4.09,5.29,,https://www.autohome.com.cn/4077/#pvareaid=6834146,,4.08,小型车,两厢,1.2L,手动
宝骏310W,宝骏,,5.28,7.28,,https://www.autohome.com.cn/4392/#pvareaid=6834146,,4.13,紧凑型车,旅行版,1.5L,手动 AMT
宝骏RC-5,宝骏,,5.98,10.98,,https://www.autohome.com.cn/5084/#pvareaid=6834146,,4.56,紧凑型车,掀背,1.5L 1.5T,手动 无级
宝骏Valli,宝骏,,7.98,10.58,,https://www.autohome.com.cn/6053/#pvareaid=6834146,,4.53,紧凑型车,旅行版,1.5T,手动 无级
宝骏RC-6,宝骏,,8.48,12.38,,https://www.autohome.com.cn/5336/#pvareaid=6834146,,4.55,中型车,掀背,1.5T,手动 无级
宝骏510,宝骏,,5.38,8.08,,https://www.autohome.com.cn/4166/#pvareaid=6834146,,4.58,小型SUV,SUV,1.5L,AMT 手动 无级
宝骏RS-3,宝骏,,6.38,9.88,,https://www.autohome.com.cn/5373/#pvareaid=6834146,,4.55,小型SUV,SUV,1.5L 1.5T,无级 手动
宝骏530,宝骏,,7.08,10.58,,https://www.autohome.com.cn/4587/#pvareaid=6834146,,4.53,紧凑型SUV,SUV,1.5T,无级 手动
宝骏RS-5,宝骏,,9.78,13.58,,https://www.autohome.com.cn/4908/#pvareaid=6834146,,4.53,紧凑型SUV,SUV,1.5T,无级 手动
宝骏360,宝骏,,5.98,8.08,,https://www.autohome.com.cn/4606/#pvareaid=6834146,,,紧凑型MPV,MPV,1.5L,无级 手动
宝骏730,宝骏,,6.38,10.28,,https://www.autohome.com.cn/3412/#pvareaid=6834146,,4.75,紧凑型MPV,MPV,1.5L 1.5T,手动 无级
宝骏RM-5,宝骏,,7.88,12.08,,https://www.autohome.com.cn/5342/#pvareaid=6834146,,4.51,紧凑型MPV,MPV,1.5L 1.5T,无级 手动
宝马1系,宝马,,20.58,24.68,,https://www.autohome.com.cn/4171/#pvareaid=6834146,,4.15,紧凑型车,三厢,1.5T 2.0T,湿式双离合
宝马3系,宝马,,29.39,40.59,,https://www.autohome.com.cn/66/#pvareaid=6834146,,4.14,中型车,三厢,2.0T,手自一体
宝马5系,宝马,,42.19,54.49,,https://www.autohome.com.cn/65/#pvareaid=6834146,,4.20,中大型车,三厢,2.0T,手自一体
宝马5系新能源,宝马,,49.99,53.69,,https://www.autohome.com.cn/4350/#pvareaid=6834146,,4.22,中大型车,,2.0T,
宝马X1,宝马,,27.98,33.98,,https://www.autohome.com.cn/2561/#pvareaid=6834146,,4.50,紧凑型SUV,SUV,1.5T 2.0T,湿式双离合 手自一体
宝马X1新能源,宝马,,39.98,39.98,,https://www.autohome.com.cn/4356/#pvareaid=6834146,,,紧凑型SUV,,1.5T,
宝马X2,宝马,,28.58,32.98,,https://www.autohome.com.cn/5309/#pvareaid=6834146,,4.88,紧凑型SUV,SUV,2.0T,湿式双离合 手自一体
宝马iX3,宝马,,39.99,43.99,,https://www.autohome.com.cn/5758/#pvareaid=6834146,,4.65,中型SUV,,286马力,
宝马X3,宝马,,38.98,45.78,,https://www.autohome.com.cn/4658/#pvareaid=6834146,,4.26,中型SUV,SUV,2.0T,手自一体
宝马2系,宝马,,26.38,33.98,,https://www.autohome.com.cn/3230/#pvareaid=6834146,,4.46,紧凑型车,三厢 软顶敞篷车 硬顶跑车,2.0T,手自一体 湿式双离合
宝马3系GT,宝马,,35.98,43.98,,https://www.autohome.com.cn/2963/#pvareaid=6834146,,4.38,中型车,掀背,2.0T,手自一体
宝马4系,宝马,,35.98,55.88,,https://www.autohome.com.cn/2968/#pvareaid=6834146,,,中型车,掀背 软顶敞篷车 硬顶跑车,2.0T,手自一体
宝马5系(进口),宝马,,42.39,60.39,,https://www.autohome.com.cn/202/#pvareaid=6834146,,4.40,中大型车,三厢,2.0T 3.0T,手自一体
宝马6系GT,宝马,,58.39,68.39,,https://www.autohome.com.cn/4472/#pvareaid=6834146,,4.35,中大型车,掀背,2.0T,手自一体
宝马7系,宝马,,82.80,261.20,,https://www.autohome.com.cn/153/#pvareaid=6834146,,4.50,大型车,三厢,2.0T 3.0T 4.4T ...,手自一体
宝马8系,宝马,,96.80,126.80,,https://www.autohome.com.cn/3464/#pvareaid=6834146,,4.63,大型车,三厢 软顶敞篷车 硬顶跑车,3.0T,手自一体
宝马X4,宝马,,45.59,55.29,,https://www.autohome.com.cn/3053/#pvareaid=6834146,,,中型SUV,SUV跨界车,2.0T,手自一体
宝马X5,宝马,,69.99,83.49,,https://www.autohome.com.cn/159/#pvareaid=6834146,,4.25,中大型SUV,SUV,2.0T 3.0T,手自一体
宝马X5新能源,宝马,,85.99,85.99,,https://www.autohome.com.cn/4348/#pvareaid=6834146,,,中大型SUV,,3.0T,
宝马X6,宝马,,76.69,93.19,,https://www.autohome.com.cn/587/#pvareaid=6834146,,4.38,中大型SUV,SUV跨界车,2.0T 3.0T,手自一体
宝马X7,宝马,,100.00,178.80,,https://www.autohome.com.cn/3362/#pvareaid=6834146,,4.51,大型SUV,SUV,3.0T 4.4T,手自一体
宝马2系多功能旅行车,宝马,,26.38,29.98,,https://www.autohome.com.cn/3726/#pvareaid=6834146,,4.33,紧凑型MPV,MPV,1.5T,湿式双离合
宝马Z4,宝马,,48.88,63.38,,https://www.autohome.com.cn/161/#pvareaid=6834146,,4.25,跑车,软顶敞篷车,2.0T 3.0T,手自一体
宝马M3,宝马,,84.99,89.99,,https://www.autohome.com.cn/2196/#pvareaid=6834146,,4.38,中型车,三厢,3.0T,手自一体
宝马M4,宝马,,87.99,92.99,,https://www.autohome.com.cn/3189/#pvareaid=6834146,,4.25,中型车,硬顶跑车,3.0T,手自一体
宝马M5,宝马,,143.89,143.89,,https://www.autohome.com.cn/2726/#pvareaid=6834146,,4.44,中大型车,三厢,4.4T,手自一体
宝马M8,宝马,,196.80,256.80,,https://www.autohome.com.cn/3291/#pvareaid=6834146,,4.39,大型车,三厢 硬顶跑车,4.4T,手自一体
宝马X3 M,宝马,,83.59,89.59,,https://www.autohome.com.cn/4928/#pvareaid=6834146,,4.50,中型SUV,SUV,3.0T,手自一体
宝马X4 M,宝马,,86.59,92.59,,https://www.autohome.com.cn/4929/#pvareaid=6834146,,,中型SUV,SUV跨界车,3.0T,手自一体
宝马X5 M,宝马,,143.89,143.89,,https://www.autohome.com.cn/2728/#pvareaid=6834146,,4.26,中大型SUV,SUV,4.4T,手自一体
宝马X6 M,宝马,,146.89,146.89,,https://www.autohome.com.cn/2729/#pvareaid=6834146,,4.75,中大型SUV,SUV跨界车,4.4T,手自一体
宝沃BX5,宝沃,,12.98,15.58,,https://www.autohome.com.cn/4046/#pvareaid=6834146,,4.59,紧凑型SUV,SUV,1.4T,手自一体
宝沃BX7,宝沃,,16.98,30.28,,https://www.autohome.com.cn/3913/#pvareaid=6834146,,4.54,中型SUV,SUV,2.0T,手自一体
Taycan,保时捷,,88.80,179.80,,https://www.autohome.com.cn/4867/#pvareaid=6834146,,4.56,中大型车,,408-762马力,
Panamera,保时捷,,97.30,245.80,,https://www.autohome.com.cn/703/#pvareaid=6834146,,4.38,大型车,掀背 旅行版,2.9T 4.0T,湿式双离合
Panamera新能源,保时捷,,116.80,248.30,,https://www.autohome.com.cn/4322/#pvareaid=6834146,,,大型车,,2.9T 4.0T,
Macan,保时捷,,54.50,92.50,,https://www.autohome.com.cn/2838/#pvareaid=6834146,,4.35,中型SUV,SUV,2.0T 2.9T 3.0T,湿式双离合
Cayenne,保时捷,,91.30,243.80,,https://www.autohome.com.cn/172/#pvareaid=6834146,,4.39,中大型SUV,SUV SUV跨界车,2.9T 3.0T 4.0T,手自一体
Cayenne新能源,保时捷,,86.80,93.80,,https://www.autohome.com.cn/4324/#pvareaid=6834146,,4.35,中大型SUV,,2.0T,
保时捷718,保时捷,,54.50,98.60,,https://www.autohome.com.cn/4175/#pvareaid=6834146,,3.75,跑车,软顶敞篷车 硬顶跑车,2.0T 2.5T,湿式双离合
保时捷911,保时捷,,127.80,311.45,,https://www.autohome.com.cn/162/#pvareaid=6834146,,4.25,跑车,软顶敞篷车 硬顶跑车,3.0T 3.8T,湿式双离合
北汽EC100,北汽昌河,,7.18,7.58,,https://www.autohome.com.cn/4409/#pvareaid=6834146,,,微型车,,41马力,
北汽EV2,北汽昌河,,5.58,5.98,,https://www.autohome.com.cn/5457/#pvareaid=6834146,,,微型车,,18马力,
昌河北斗星,北汽昌河,,4.39,4.49,,https://www.autohome.com.cn/4689/#pvareaid=6834146,,,微型车,两厢,1.4L,手动
昌河北斗星X5,北汽昌河,,4.89,4.99,,https://www.autohome.com.cn/5740/#pvareaid=6834146,,4.32,微型车,两厢,1.4L,手动
北汽昌河A6,北汽昌河,,5.98,6.78,,https://www.autohome.com.cn/4506/#pvareaid=6834146,,,紧凑型车,三厢,1.5L,手动
北汽EV5,北汽昌河,,10.38,11.38,,https://www.autohome.com.cn/5456/#pvareaid=6834146,,,微面,,82马力,
北汽昌河M50S,北汽昌河,,4.48,5.38,,https://www.autohome.com.cn/3640/#pvareaid=6834146,,,微面,客车,1.5L,手动
福瑞达K11S,北汽昌河,,3.94,4.93,,https://www.autohome.com.cn/5872/#pvareaid=6834146,,,微卡,货车,1.5L,手动
福瑞达K12S,北汽昌河,,4.16,4.58,,https://www.autohome.com.cn/5873/#pvareaid=6834146,,,微卡,货车,1.5L,手动
福瑞达K21,北汽昌河,,4.25,7.03,,https://www.autohome.com.cn/4141/#pvareaid=6834146,,,微卡,货车,1.5L,手动
福瑞达K22,北汽昌河,,4.48,7.05,,https://www.autohome.com.cn/4142/#pvareaid=6834146,,,微卡,货车,1.5L,手动
北京EU5,北汽绅宝,,12.99,17.19,,https://www.autohome.com.cn/5058/#pvareaid=6834146,,4.57,紧凑型车,,218马力,
北京EU5 PLUS,北汽绅宝,,12.99,14.99,,https://www.autohome.com.cn/6172/#pvareaid=6834146,,,紧凑型车,,163马力,
北京U5,北汽绅宝,,6.99,9.99,,https://www.autohome.com.cn/5652/#pvareaid=6834146,,,紧凑型车,三厢,1.5L 1.5T,手动 无级
北京EU7,北汽绅宝,,15.99,17.59,,https://www.autohome.com.cn/5189/#pvareaid=6834146,,4.57,中型车,,218马力,
北京U7,北汽绅宝,,8.79,12.29,,https://www.autohome.com.cn/4987/#pvareaid=6834146,,4.67,中型车,三厢,1.5T,无级 手动
北京EX3,北汽绅宝,,11.99,16.39,,https://www.autohome.com.cn/5021/#pvareaid=6834146,,4.31,小型SUV,,218马力,
北京X3,北汽绅宝,,5.99,8.79,,https://www.autohome.com.cn/5261/#pvareaid=6834146,,4.50,小型SUV,SUV,1.5T,手动 无级
北京EX5,北汽绅宝,,16.99,19.99,,https://www.autohome.com.cn/5022/#pvareaid=6834146,,4.50,紧凑型SUV,,218马力,
北京X5,北汽绅宝,,7.99,10.99,,https://www.autohome.com.cn/5803/#pvareaid=6834146,,,紧凑型SUV,SUV,1.5T,手动 无级
北京X7,北汽绅宝,,10.49,14.69,,https://www.autohome.com.cn/5624/#pvareaid=6834146,,4.54,紧凑型SUV,SUV,1.5T,湿式双离合 手动
北京X7 PHEV,北汽绅宝,,18.49,21.69,,https://www.autohome.com.cn/5791/#pvareaid=6834146,,,紧凑型SUV,,1.5T,
北汽大猫,北汽制造,,4.98,4.98,,https://www.autohome.com.cn/5709/#pvareaid=6834146,,,微型车,,24马力,
北汽小猫,北汽制造,,3.98,3.98,,https://www.autohome.com.cn/5587/#pvareaid=6834146,,,微型车,,24马力,
战旗,北汽制造,,8.20,9.94,,https://www.autohome.com.cn/965/#pvareaid=6834146,,,小型SUV,SUV,1.5T,手动
BJ212,北汽制造,,7.98,10.40,,https://www.autohome.com.cn/3035/#pvareaid=6834146,,4.25,小型SUV,SUV,1.5T 2.4T,手动
勇士,北汽制造,,10.48,14.19,,https://www.autohome.com.cn/622/#pvareaid=6834146,,3.76,紧凑型SUV,SUV,2.4T,手动
北汽小河马,北汽制造,,10.78,11.08,,https://www.autohome.com.cn/5887/#pvareaid=6834146,,,微面,,82马力,
勇士皮卡,北汽制造,,9.42,13.08,,https://www.autohome.com.cn/4586/#pvareaid=6834146,,,皮卡,皮卡,2.4T,手动
锐铃,北汽制造,,7.93,8.08,,https://www.autohome.com.cn/2915/#pvareaid=6834146,,,皮卡,皮卡,2.8T,手动
奔驰A级,奔驰,,21.18,26.48,,https://www.autohome.com.cn/4764/#pvareaid=6834146,,,紧凑型车,三厢,1.3T,湿式双离合
奔驰A级AMG,奔驰,,39.98,39.98,,https://www.autohome.com.cn/5217/#pvareaid=6834146,,4.41,紧凑型车,三厢,2.0T,湿式双离合
奔驰C级,奔驰,,30.78,47.48,,https://www.autohome.com.cn/588/#pvareaid=6834146,,4.29,中型车,三厢,1.5T 2.0T,手自一体
奔驰E级,奔驰,,43.99,56.29,,https://www.autohome.com.cn/197/#pvareaid=6834146,,4.39,中大型车,三厢,2.0T,手自一体
奔驰E级新能源,奔驰,,52.19,52.19,,https://www.autohome.com.cn/4768/#pvareaid=6834146,,,中大型车,,2.0T,
奔驰GLA,奔驰,,27.68,33.28,,https://www.autohome.com.cn/3248/#pvareaid=6834146,,4.47,紧凑型SUV,SUV,1.3T,湿式双离合
奔驰GLB,奔驰,,29.28,34.88,,https://www.autohome.com.cn/5348/#pvareaid=6834146,,4.39,紧凑型SUV,SUV,1.3T,湿式双离合
奔驰EQC,奔驰,,49.98,57.98,,https://www.autohome.com.cn/5232/#pvareaid=6834146,,,中型SUV,,286-408马力,
奔驰GLC,奔驰,,39.78,58.78,,https://www.autohome.com.cn/3862/#pvareaid=6834146,,4.25,中型SUV,SUV,2.0T,手自一体
奔驰V级,奔驰,,47.80,62.98,,https://www.autohome.com.cn/3823/#pvareaid=6834146,,,中大型MPV,MPV,2.0T,手自一体
威霆,奔驰,,29.38,34.78,,https://www.autohome.com.cn/2084/#pvareaid=6834146,,,中大型MPV,MPV,2.0T,手自一体
奔驰A级(进口),奔驰,,23.28,27.38,,https://www.autohome.com.cn/52/#pvareaid=6834146,,,紧凑型车,两厢,1.3T,湿式双离合
奔驰B级,奔驰,,23.98,33.18,,https://www.autohome.com.cn/398/#pvareaid=6834146,,4.38,紧凑型车,两厢,1.3T 2.0T,湿式双离合
奔驰CLA,奔驰,,29.98,38.58,,https://www.autohome.com.cn/2966/#pvareaid=6834146,,4.25,紧凑型车,三厢 旅行版,1.3T 2.0T,湿式双离合
奔驰C级(进口),奔驰,,34.68,39.28,,https://www.autohome.com.cn/56/#pvareaid=6834146,,4.16,中型车,旅行版 硬顶跑车,1.5T,手自一体
奔驰E级(进口),奔驰,,44.28,65.68,,https://www.autohome.com.cn/450/#pvareaid=6834146,,4.46,中大型车,三厢 软顶敞篷车 硬顶跑车,1.5T 2.0T,手自一体
奔驰CLS,奔驰,,57.68,78.38,,https://www.autohome.com.cn/365/#pvareaid=6834146,,4.25,中大型车,三厢,1.5T 2.0T,手自一体
奔驰S级,奔驰,,89.98,181.88,,https://www.autohome.com.cn/59/#pvareaid=6834146,,3.43,大型车,三厢,3.0T,手自一体
奔驰GLC轿跑,奔驰,,46.08,51.88,,https://www.autohome.com.cn/3339/#pvareaid=6834146,,4.55,中型SUV,SUV跨界车,2.0T,手自一体
奔驰GLE,奔驰,,69.98,88.98,,https://www.autohome.com.cn/3683/#pvareaid=6834146,,4.40,中大型SUV,SUV,2.0T 2.5T,手自一体
奔驰GLE轿跑,奔驰,,78.88,91.78,,https://www.autohome.com.cn/6207/#pvareaid=6834146,,4.28,中大型SUV,SUV跨界车,2.0T 2.5T,手自一体
奔驰GLE轿跑新能源,奔驰,,82.88,82.88,,https://www.autohome.com.cn/6208/#pvareaid=6834146,,,中大型SUV,,2.0T,
奔驰GLE新能源,奔驰,,79.98,79.98,,https://www.autohome.com.cn/4346/#pvareaid=6834146,,,中大型SUV,,2.0T,
奔驰G级,奔驰,,142.98,212.70,,https://www.autohome.com.cn/60/#pvareaid=6834146,,,中大型SUV,SUV,2.0T 4.0T,手自一体
奔驰GLS,奔驰,,102.80,132.70,,https://www.autohome.com.cn/3688/#pvareaid=6834146,,4.46,大型SUV,SUV,2.5T 3.0T,手自一体
奔驰A级AMG(进口),奔驰,,39.98,57.98,,https://www.autohome.com.cn/2842/#pvareaid=6834146,,4.20,紧凑型车,两厢,2.0T,湿式双离合
奔驰CLA AMG,奔驰,,43.98,61.18,,https://www.autohome.com.cn/2967/#pvareaid=6834146,,4.00,紧凑型车,三厢,2.0T,湿式双离合
奔驰C级AMG,奔驰,,57.38,116.08,,https://www.autohome.com.cn/2717/#pvareaid=6834146,,4.37,中型车,三厢 旅行版 硬顶跑车,3.0T 4.0T,手自一体
奔驰E级AMG,奔驰,,94.88,146.88,,https://www.autohome.com.cn/2718/#pvareaid=6834146,,,中大型车,三厢 硬顶跑车,3.0T 4.0T,手自一体
奔驰S级AMG,奔驰,,227.88,307.88,,https://www.autohome.com.cn/2197/#pvareaid=6834146,,4.75,大型车,三厢 硬顶跑车,4.0T 6.0T,手自一体
奔驰GLA AMG,奔驰,,43.98,54.48,,https://www.autohome.com.cn/3264/#pvareaid=6834146,,4.13,紧凑型SUV,SUV,2.0T,湿式双离合
奔驰GLB AMG,奔驰,,44.98,44.98,,https://www.autohome.com.cn/5038/#pvareaid=6834146,,,紧凑型SUV,SUV,2.0T,湿式双离合
奔驰GLC AMG,奔驰,,65.88,96.58,,https://www.autohome.com.cn/4074/#pvareaid=6834146,,4.40,中型SUV,SUV,3.0T 4.0T,手自一体
奔驰GLC轿跑 AMG,奔驰,,68.68,118.08,,https://www.autohome.com.cn/6210/#pvareaid=6834146,,4.07,中型SUV,SUV跨界车,3.0T 4.0T,手自一体
奔驰GLE AMG,奔驰,,98.88,146.88,,https://www.autohome.com.cn/3704/#pvareaid=6834146,,4.35,中大型SUV,SUV,3.0T,手自一体
奔驰GLE轿跑 AMG,奔驰,,102.88,102.88,,https://www.autohome.com.cn/6209/#pvareaid=6834146,,4.68,中大型SUV,SUV跨界车,3.0T,手自一体
奔驰G级AMG,奔驰,,222.88,245.88,,https://www.autohome.com.cn/2723/#pvareaid=6834146,,4.08,中大型SUV,SUV,4.0T,手自一体
AMG GT,奔驰,,98.48,368.88,,https://www.autohome.com.cn/3451/#pvareaid=6834146,,4.47,跑车,掀背 软顶敞篷车 硬顶跑车,3.0T 4.0T,湿式双离合 手自一体
迈巴赫S级,奔驰,,145.88,146.80,,https://www.autohome.com.cn/3665/#pvareaid=6834146,,4.54,大型车,三厢,3.0T,手自一体
迈巴赫GLS,奔驰,,174.00,298.00,,https://www.autohome.com.cn/5462/#pvareaid=6834146,,,大型SUV,SUV,3.0T 4.0T,手自一体
奔腾B70,奔腾,,9.99,13.99,,https://www.autohome.com.cn/466/#pvareaid=6834146,,4.56,中型车,掀背,1.5T,手动 湿式双离合
奔腾T33,奔腾,,8.59,10.59,,https://www.autohome.com.cn/5317/#pvareaid=6834146,,,小型SUV,SUV,1.2T,湿式双离合 手动
奔腾T55,奔腾,,9.89,12.69,,https://www.autohome.com.cn/5954/#pvareaid=6834146,,4.55,紧凑型SUV,SUV,1.5T,湿式双离合
奔腾T77,奔腾,,10.58,14.18,,https://www.autohome.com.cn/4800/#pvareaid=6834146,,4.50,紧凑型SUV,SUV,1.5T,湿式双离合 手动
奔腾E01,奔腾,,19.68,22.88,,https://www.autohome.com.cn/5520/#pvareaid=6834146,,,中型SUV,,190马力,
奔腾T99,奔腾,,14.99,19.19,,https://www.autohome.com.cn/5060/#pvareaid=6834146,,4.55,中大型SUV,SUV,2.0T,手自一体
奔腾NAT,奔腾,,14.58,15.18,,https://www.autohome.com.cn/6008/#pvareaid=6834146,,,中型MPV,,136马力,
LIFE,本田,,9.78,11.28,,https://www.autohome.com.cn/5842/#pvareaid=6834146,,4.32,小型车,两厢 两厢跨界车,1.5L,无级
思域,本田,,11.99,16.99,,https://www.autohome.com.cn/135/#pvareaid=6834146,,4.32,紧凑型车,两厢 三厢,1.0T 1.5T,手动 无级
享域,本田,,9.98,16.69,,https://www.autohome.com.cn/5031/#pvareaid=6834146,,4.50,紧凑型车,三厢,1.0T 1.5L,手动 无级
INSPIRE,本田,,18.28,24.98,,https://www.autohome.com.cn/4809/#pvareaid=6834146,,4.52,中型车,三厢,1.5T 2.0L,无级
本田XR-V,本田,,12.79,17.59,,https://www.autohome.com.cn/3582/#pvareaid=6834146,,4.47,小型SUV,SUV,1.5L 1.5T,手动 无级
本田CR-V,本田,,16.98,27.68,,https://www.autohome.com.cn/314/#pvareaid=6834146,,4.44,紧凑型SUV,SUV,1.5T 2.0L,手动 无级
本田CR-V新能源,本田,,27.38,29.98,,https://www.autohome.com.cn/5892/#pvareaid=6834146,,4.75,紧凑型SUV,,2.0L,
本田UR-V,本田,,24.68,32.98,,https://www.autohome.com.cn/4304/#pvareaid=6834146,,4.50,中型SUV,SUV,1.5T 2.0T,无级 手自一体
艾力绅,本田,,29.48,32.88,,https://www.autohome.com.cn/2565/#pvareaid=6834146,,4.40,中型MPV,MPV,2.0L,无级
飞度,本田,,8.18,10.88,,https://www.autohome.com.cn/81/#pvareaid=6834146,,4.48,小型车,两厢 两厢跨界车,1.5L,无级
凌派,本田,,9.98,16.98,,https://www.autohome.com.cn/3085/#pvareaid=6834146,,4.19,紧凑型车,三厢,1.0T 1.5L,无级 手动
雅阁,本田,,17.98,25.98,,https://www.autohome.com.cn/78/#pvareaid=6834146,,4.44,中型车,三厢,1.5T 2.0L,无级
缤智,本田,,12.78,17.68,,https://www.autohome.com.cn/3460/#pvareaid=6834146,,4.22,小型SUV,SUV,1.5L 1.5T,手动 无级
皓影,本田,,16.98,25.28,,https://www.autohome.com.cn/5393/#pvareaid=6834146,,4.44,紧凑型SUV,SUV,1.5T 2.0L,无级 手动
冠道,本田,,22.00,33.28,,https://www.autohome.com.cn/4102/#pvareaid=6834146,,4.47,中型SUV,SUV,1.5T 2.0T,无级 手自一体
奥德赛,本田,,22.98,37.68,,https://www.autohome.com.cn/880/#pvareaid=6834146,,4.22,中型MPV,MPV,2.0L,无级
标致408,标致,,11.97,15.97,,https://www.autohome.com.cn/987/#pvareaid=6834146,,4.55,紧凑型车,三厢,1.2T 1.6T,手自一体 湿式双离合
标致508,标致,,15.97,22.47,,https://www.autohome.com.cn/2299/#pvareaid=6834146,,4.54,中型车,三厢,1.6T 1.8T,手自一体
标致508L新能源,标致,,21.57,22.77,,https://www.autohome.com.cn/5250/#pvareaid=6834146,,4.63,中型车,,1.6T,
标致2008,标致,,10.99,14.99,,https://www.autohome.com.cn/3234/#pvareaid=6834146,,4.59,小型SUV,SUV,1.2T,湿式双离合
标致e2008,标致,,16.60,18.80,,https://www.autohome.com.cn/5529/#pvareaid=6834146,,,小型SUV,,163马力,
标致4008,标致,,16.97,23.37,,https://www.autohome.com.cn/4167/#pvareaid=6834146,,4.42,紧凑型SUV,SUV,1.6T 1.8T,手自一体
标致4008新能源,标致,,24.97,25.97,,https://www.autohome.com.cn/5414/#pvareaid=6834146,,,紧凑型SUV,,1.6T,
标致5008,标致,,18.77,26.37,,https://www.autohome.com.cn/4271/#pvareaid=6834146,,4.55,中型SUV,SUV,1.6T 1.8T,手自一体
凯越,别克,,8.39,9.99,,https://www.autohome.com.cn/875/#pvareaid=6834146,,4.56,紧凑型车,三厢,1.3L,手动 无级
威朗,别克,,15.29,18.29,,https://www.autohome.com.cn/3751/#pvareaid=6834146,,4.53,紧凑型车,三厢,1.0T 1.3T,无级 手自一体
微蓝6,别克,,16.83,22.23,,https://www.autohome.com.cn/4776/#pvareaid=6834146,,4.55,紧凑型车,,150-178马力,
英朗,别克,,11.99,12.59,,https://www.autohome.com.cn/982/#pvareaid=6834146,,4.56,紧凑型车,三厢,1.3T 1.5L,手自一体
阅朗,别克,,13.19,14.69,,https://www.autohome.com.cn/4552/#pvareaid=6834146,,4.52,紧凑型车,旅行版,1.0T 1.3T,湿式双离合 手自一体
君威,别克,,18.88,24.98,,https://www.autohome.com.cn/164/#pvareaid=6834146,,4.54,中型车,三厢,1.5T 2.0T,手自一体
君越,别克,,21.98,28.98,,https://www.autohome.com.cn/834/#pvareaid=6834146,,4.57,中型车,三厢,1.5T 2.0T,手自一体
昂科拉,别克,,12.59,15.59,,https://www.autohome.com.cn/2896/#pvareaid=6834146,,4.64,小型SUV,SUV,1.0T 1.3T,手自一体 无级
微蓝7,别克,,19.78,21.78,,https://www.autohome.com.cn/5584/#pvareaid=6834146,,4.64,小型SUV,,177马力,
昂科拉GX,别克,,15.59,18.59,,https://www.autohome.com.cn/5200/#pvareaid=6834146,,4.56,紧凑型SUV,SUV,1.3T,手自一体 无级
昂科威,别克,,18.99,23.99,,https://www.autohome.com.cn/3554/#pvareaid=6834146,,4.56,中型SUV,SUV,1.5T 2.0T,干式双离合 手自一体
昂科威Plus,别克,,22.99,30.99,,https://www.autohome.com.cn/6101/#pvareaid=6834146,,4.52,中型SUV,SUV,2.0T,手自一体
昂科威S,别克,,21.99,27.99,,https://www.autohome.com.cn/5695/#pvareaid=6834146,,4.52,中型SUV,SUV,2.0T,手自一体
昂科旗,别克,,27.99,37.99,,https://www.autohome.com.cn/5395/#pvareaid=6834146,,4.55,中大型SUV,SUV,2.0T,自动
别克GL6,别克,,14.99,16.99,,https://www.autohome.com.cn/4487/#pvareaid=6834146,,4.69,紧凑型MPV,MPV,1.3T,手自一体
别克GL8,别克,,23.29,52.99,,https://www.autohome.com.cn/166/#pvareaid=6834146,,4.58,中大型MPV,MPV,2.0T,手自一体
飞驰,宾利,,251.80,306.60,,https://www.autohome.com.cn/3014/#pvareaid=6834146,,,大型车,三厢,4.0T 6.0T,湿式双离合
添越,宾利,,249.90,249.90,,https://www.autohome.com.cn/2685/#pvareaid=6834146,,,中大型SUV,SUV,4.0T,手自一体
添越PHEV,宾利,,238.50,238.50,,https://www.autohome.com.cn/4714/#pvareaid=6834146,,,中大型SUV,,3.0T,
欧陆,宾利,,275.10,354.60,,https://www.autohome.com.cn/305/#pvareaid=6834146,,,跑车,软顶敞篷车 硬顶跑车,4.0T 6.0T,湿式双离合
奔奔E-Star,长安,,2.98,7.48,,https://www.autohome.com.cn/5619/#pvareaid=6834146,,4.49,微型车,,41-75马力,
悦翔,长安,,5.19,6.79,,https://www.autohome.com.cn/705/#pvareaid=6834146,,4.51,小型车,三厢,1.4L 1.5L,湿式双离合 手动
逸动,长安,,7.29,10.39,,https://www.autohome.com.cn/2429/#pvareaid=6834146,,4.56,紧凑型车,三厢,1.4T 1.6L,湿式双离合 手动 无级
逸动DT,长安,,5.49,8.09,,https://www.autohome.com.cn/4588/#pvareaid=6834146,,4.48,紧凑型车,三厢,1.6L,手动 手自一体
逸动XT,长安,,7.99,11.19,,https://www.autohome.com.cn/4913/#pvareaid=6834146,,,紧凑型车,两厢,1.6L,手动 手自一体
逸动新能源,长安,,12.99,13.99,,https://www.autohome.com.cn/4343/#pvareaid=6834146,,4.50,紧凑型车,,136马力,
锐程CC,长安,,9.49,12.89,,https://www.autohome.com.cn/5461/#pvareaid=6834146,,4.49,中型车,三厢,1.5T,湿式双离合 手动 手自一体
长安CS15,长安,,6.19,7.69,,https://www.autohome.com.cn/3924/#pvareaid=6834146,,,小型SUV,SUV,1.5L,湿式双离合 手动
长安CS15EV,长安,,8.98,9.88,,https://www.autohome.com.cn/4445/#pvareaid=6834146,,4.38,小型SUV,,75马力,
长安CS35PLUS,长安,,6.99,10.99,,https://www.autohome.com.cn/4976/#pvareaid=6834146,,4.59,小型SUV,SUV,1.4T 1.6L,无级 湿式双离合 手动
长安新能源E-Pro,长安,,10.69,12.69,,https://www.autohome.com.cn/5528/#pvareaid=6834146,,4.52,小型SUV,,163马力,
长安CS55,长安,,8.49,13.39,,https://www.autohome.com.cn/4269/#pvareaid=6834146,,4.54,紧凑型SUV,SUV,1.5T,手动 手自一体
长安CS55PLUS,长安,,9.29,11.39,,https://www.autohome.com.cn/5498/#pvareaid=6834146,,4.50,紧凑型SUV,SUV,1.5T,手动 湿式双离合
长安CS55纯电版,长安,,15.99,20.09,,https://www.autohome.com.cn/5397/#pvareaid=6834146,,4.36,紧凑型SUV,,218马力,
长安CS75,长安,,10.39,12.19,,https://www.autohome.com.cn/3204/#pvareaid=6834146,,4.33,紧凑型SUV,SUV,1.5T,湿式双离合 手动
长安CS75 PLUS,长安,,10.69,15.49,,https://www.autohome.com.cn/5179/#pvareaid=6834146,,4.57,紧凑型SUV,SUV,1.5T 2.0T,手动 手自一体
长安UNI-T,长安,,11.59,13.89,,https://www.autohome.com.cn/5565/#pvareaid=6834146,,4.53,紧凑型SUV,SUV,1.5T,湿式双离合
长安CS85 COUPE,长安,,11.99,16.49,,https://www.autohome.com.cn/4885/#pvareaid=6834146,,4.47,中型SUV,SUV跨界车,1.5T 2.0T,湿式双离合 手自一体
长安UNI-K,长安,,15.39,18.49,,https://www.autohome.com.cn/5927/#pvareaid=6834146,,4.50,中型SUV,SUV,2.0T,手自一体
长安CS95,长安,,17.59,21.39,,https://www.autohome.com.cn/3121/#pvareaid=6834146,,,中大型SUV,SUV,2.0T,手自一体
尼欧Ⅱ,长安欧尚,,3.99,4.29,,https://www.autohome.com.cn/5002/#pvareaid=6834146,,,微型车,,41马力,
长安欧尚科赛5,长安欧尚,,5.39,6.59,,https://www.autohome.com.cn/5367/#pvareaid=6834146,,,小型SUV,SUV,1.6L,手动 无级
长安欧尚X5,长安欧尚,,6.99,10.29,,https://www.autohome.com.cn/5748/#pvareaid=6834146,,4.54,紧凑型SUV,SUV,1.5T 1.6L,手动 无级 湿式双离合
长安欧尚X7,长安欧尚,,7.77,12.99,,https://www.autohome.com.cn/5219/#pvareaid=6834146,,4.50,紧凑型SUV,SUV,1.5T,湿式双离合 手动
长安欧尚X7 EV,长安欧尚,,15.99,17.99,,https://www.autohome.com.cn/5439/#pvareaid=6834146,,,紧凑型SUV,,204马力,
长安欧尚X70A,长安欧尚,,5.25,6.95,,https://www.autohome.com.cn/4517/#pvareaid=6834146,,,紧凑型SUV,SUV,1.5L,手动
长安欧尚科赛Pro,长安欧尚,,8.59,15.29,,https://www.autohome.com.cn/5886/#pvareaid=6834146,,4.31,中型SUV,SUV,1.5T 2.0T,手动 手自一体
长安欧尚A600,长安欧尚,,5.29,5.29,,https://www.autohome.com.cn/3783/#pvareaid=6834146,,,紧凑型MPV,MPV,1.5L,手动
长安欧尚A600EV,长安欧尚,,14.48,14.98,,https://www.autohome.com.cn/4698/#pvareaid=6834146,,,紧凑型MPV,,122马力,
长安欧尚A800,长安欧尚,,6.59,7.89,,https://www.autohome.com.cn/4376/#pvareaid=6834146,,,紧凑型MPV,MPV,1.6L,手动
欧尚长行,长安欧尚,,5.99,6.49,,https://www.autohome.com.cn/4978/#pvareaid=6834146,,4.21,紧凑型MPV,MPV,1.5L,手动
长安欧尚科尚,长安欧尚,,9.98,16.08,,https://www.autohome.com.cn/4886/#pvareaid=6834146,,4.62,中型MPV,MPV,1.5T 1.6L,湿式双离合 手动
长安欧尚科尚EV,长安欧尚,,16.68,16.68,,https://www.autohome.com.cn/5739/#pvareaid=6834146,,,中型MPV,,122马力,
长安睿行ES30,长安轻型车,,6.68,6.98,,https://www.autohome.com.cn/5343/#pvareaid=6834146,,,微型车,,61马力,
长安睿行S50,长安轻型车,,5.59,5.79,,https://www.autohome.com.cn/4132/#pvareaid=6834146,,3.88,紧凑型MPV,MPV,1.5L,手动
长安睿行S50T,长安轻型车,,6.59,6.59,,https://www.autohome.com.cn/4292/#pvareaid=6834146,,,紧凑型MPV,MPV,1.5L,手动
长安睿行EM60,长安轻型车,,13.58,13.58,,https://www.autohome.com.cn/5477/#pvareaid=6834146,,,微面,,82-95马力,
长安睿行M60,长安轻型车,,5.59,6.52,,https://www.autohome.com.cn/5218/#pvareaid=6834146,,4.55,微面,客车 货车,1.5L 1.6L,手动
长安之星5,长安轻型车,,3.39,4.09,,https://www.autohome.com.cn/5552/#pvareaid=6834146,,,微面,客车 货车,1.4L,手动
长安之星9,长安轻型车,,5.18,5.48,,https://www.autohome.com.cn/3685/#pvareaid=6834146,,4.57,微面,客车 货车,1.5L,手动
长安之星9新能源,长安轻型车,,13.18,13.98,,https://www.autohome.com.cn/4917/#pvareaid=6834146,,,微面,,75-82马力,
欧诺S,长安轻型车,,4.29,5.19,,https://www.autohome.com.cn/2566/#pvareaid=6834146,,4.33,微面,客车 货车,1.5L,手动
长安神骐T10,长安轻型车,,4.39,5.64,,https://www.autohome.com.cn/5074/#pvareaid=6834146,,,微卡,货车,1.5L,手动
长安神骐T10新能源,长安轻型车,,12.58,12.68,,https://www.autohome.com.cn/5483/#pvareaid=6834146,,,微卡,,75马力,
长安神骐T20,长安轻型车,,3.99,6.38,,https://www.autohome.com.cn/2923/#pvareaid=6834146,,4.46,微卡,货车,1.5L 1.6L,手动
长安星卡,长安轻型车,,4.09,5.34,,https://www.autohome.com.cn/3155/#pvareaid=6834146,,4.55,微卡,货车,1.5L,手动
长安星卡C系,长安轻型车,,3.49,4.53,,https://www.autohome.com.cn/5418/#pvareaid=6834146,,,微卡,货车,1.4L,手动
长安星卡L系,长安轻型车,,4.46,5.74,,https://www.autohome.com.cn/5419/#pvareaid=6834146,,,微卡,货车,1.5L 1.6L,手动
长安星卡新能源,长安轻型车,,11.98,12.28,,https://www.autohome.com.cn/4918/#pvareaid=6834146,,,微卡,,75马力,
长安睿行EM80,长安轻型车,,13.58,13.98,,https://www.autohome.com.cn/4892/#pvareaid=6834146,,,轻客,,82-109马力,
长安睿行M70,长安轻型车,,6.84,7.04,,https://www.autohome.com.cn/4372/#pvareaid=6834146,,4.25,轻客,客车,1.5L,手动
长安睿行M80,长安轻型车,,6.22,7.71,,https://www.autohome.com.cn/3227/#pvareaid=6834146,,4.54,轻客,客车 货车,1.5L 1.6L,手动
长安睿行M90,长安轻型车,,7.35,7.99,,https://www.autohome.com.cn/4011/#pvareaid=6834146,,4.88,轻客,客车 货车,2.0L,手动
长安凯程F70,长安轻型车,,9.48,17.88,,https://www.autohome.com.cn/5066/#pvareaid=6834146,,4.52,皮卡,皮卡,2.4T 2.5T,自动 手动
长安神骐F30,长安轻型车,,4.99,6.38,,https://www.autohome.com.cn/4012/#pvareaid=6834146,,3.97,皮卡,皮卡,1.5L,手动
风骏5,长城,,7.58,9.98,,https://www.autohome.com.cn/2462/#pvareaid=6834146,,3.25,皮卡,皮卡,2.0T 2.4L,手动
风骏7,长城,,8.68,12.28,,https://www.autohome.com.cn/4889/#pvareaid=6834146,,,皮卡,皮卡,2.0T,手动
炮,长城,,9.78,20.78,,https://www.autohome.com.cn/5202/#pvareaid=6834146,,4.48,皮卡,皮卡,2.0T,手动 自动
炮新能源,长城,,25.18,26.78,,https://www.autohome.com.cn/5241/#pvareaid=6834146,,,皮卡,,204马力,
成功BEV6,成功汽车,,11.98,11.98,,https://www.autohome.com.cn/5181/#pvareaid=6834146,,,微面,,82马力,
成功V2,成功汽车,,3.90,4.20,,https://www.autohome.com.cn/3505/#pvareaid=6834146,,,微面,客车 货车,1.3L,手动
成功V2E,成功汽车,,6.50,7.80,,https://www.autohome.com.cn/4533/#pvareaid=6834146,,,微面,,61马力,
成功K1,成功汽车,,3.62,4.38,,https://www.autohome.com.cn/3506/#pvareaid=6834146,,,微卡,货车,1.2L 1.3L,手动
成功K2,成功汽车,,3.90,4.58,,https://www.autohome.com.cn/3507/#pvareaid=6834146,,,微卡,货车,1.2L 1.3L,手动
成功K3,成功汽车,,4.18,4.73,,https://www.autohome.com.cn/5782/#pvareaid=6834146,,,微卡,货车,1.5L,手动
成功K32,成功汽车,,4.38,4.68,,https://www.autohome.com.cn/6084/#pvareaid=6834146,,,微卡,货车,1.5L,手动
成功K4,成功汽车,,4.38,4.93,,https://www.autohome.com.cn/5783/#pvareaid=6834146,,,微卡,货车,1.5L,手动
DS 9,DS,,24.99,33.99,,https://www.autohome.com.cn/5092/#pvareaid=6834146,,4.88,中型车,三厢,1.6T,手自一体
DS 9新能源,DS,,32.99,39.99,,https://www.autohome.com.cn/5438/#pvareaid=6834146,,,中型车,,1.6T,
DS 7,DS,,22.99,31.99,,https://www.autohome.com.cn/4610/#pvareaid=6834146,,4.53,紧凑型SUV,SUV,1.6T,手自一体
Polo,大众,,9.99,12.39,,https://www.autohome.com.cn/145/#pvareaid=6834146,,4.55,小型车,两厢,1.5L,手自一体 手动
桑塔纳,大众,,8.69,11.59,,https://www.autohome.com.cn/2922/#pvareaid=6834146,,4.40,紧凑型车,两厢 三厢,1.5L,手动 自动
朗逸,大众,,9.99,16.19,,https://www.autohome.com.cn/614/#pvareaid=6834146,,4.55,紧凑型车,两厢 三厢,1.2T 1.4T 1.5L,干式双离合 手动 手自一体
朗逸纯电,大众,,14.89,14.89,,https://www.autohome.com.cn/5190/#pvareaid=6834146,,4.55,紧凑型车,,136马力,
凌渡,大众,,14.99,18.69,,https://www.autohome.com.cn/3457/#pvareaid=6834146,,4.56,紧凑型车,三厢,1.4T,干式双离合
帕萨特,大众,,18.59,28.29,,https://www.autohome.com.cn/528/#pvareaid=6834146,,4.56,中型车,三厢,1.4T 2.0T,干式双离合 湿式双离合
帕萨特新能源,大众,,24.39,25.39,,https://www.autohome.com.cn/4904/#pvareaid=6834146,,4.46,中型车,,1.4T,
辉昂,大众,,34.00,44.60,,https://www.autohome.com.cn/4045/#pvareaid=6834146,,4.61,中大型车,三厢,2.0T,湿式双离合
途铠,大众,,11.49,15.99,,https://www.autohome.com.cn/4993/#pvareaid=6834146,,4.57,小型SUV,SUV,1.4T 1.5L,干式双离合 手自一体 手动
ID.4 X,大众,,19.9888,27.2888,,https://www.autohome.com.cn/5511/#pvareaid=6834146,,4.39,紧凑型SUV,,170-313马力,
途岳,大众,,16.58,22.38,,https://www.autohome.com.cn/4745/#pvareaid=6834146,,4.50,紧凑型SUV,SUV,1.4T 2.0T,干式双离合 湿式双离合
途岳新能源,大众,,19.48,19.48,,https://www.autohome.com.cn/5558/#pvareaid=6834146,,4.75,紧凑型SUV,,136马力,
途观L,大众,,21.58,28.58,,https://www.autohome.com.cn/4274/#pvareaid=6834146,,4.49,中型SUV,SUV,1.4T 2.0T,湿式双离合
途观L新能源,大众,,26.58,27.58,,https://www.autohome.com.cn/4746/#pvareaid=6834146,,4.54,中型SUV,,1.4T,
途观X,大众,,24.59,30.59,,https://www.autohome.com.cn/5826/#pvareaid=6834146,,4.57,中型SUV,SUV跨界车,2.0T,湿式双离合
ID.6 X,大众,,23.9888,33.5888,,https://www.autohome.com.cn/6035/#pvareaid=6834146,,4.72,中大型SUV,,180-313马力,
途昂,大众,,29.20,37.20,,https://www.autohome.com.cn/4232/#pvareaid=6834146,,4.52,中大型SUV,SUV,2.0T,湿式双离合
途昂X,大众,,28.20,36.20,,https://www.autohome.com.cn/5239/#pvareaid=6834146,,4.52,中大型SUV,SUV跨界车,2.0T,湿式双离合
途安,大众,,15.18,19.48,,https://www.autohome.com.cn/333/#pvareaid=6834146,,4.61,紧凑型MPV,MPV,1.4T,干式双离合
威然,大众,,28.68,39.98,,https://www.autohome.com.cn/5445/#pvareaid=6834146,,4.56,中大型MPV,MPV,2.0T,湿式双离合
宝来,大众,,9.88,15.70,,https://www.autohome.com.cn/633/#pvareaid=6834146,,4.51,紧凑型车,三厢,1.2T 1.4T 1.5L,干式双离合 手自一体 手动
高尔夫,大众,,12.98,16.58,,https://www.autohome.com.cn/871/#pvareaid=6834146,,4.40,紧凑型车,两厢,1.2T 1.4T,干式双离合
速腾,大众,,13.59,16.59,,https://www.autohome.com.cn/442/#pvareaid=6834146,,3.25,紧凑型车,三厢,1.2T 1.4T,干式双离合 手动
C-TREK蔚领,大众,,12.59,14.97,,https://www.autohome.com.cn/4204/#pvareaid=6834146,,4.00,紧凑型车,旅行版,1.5L,手自一体
宝来・纯电,大众,,14.08,15.08,,https://www.autohome.com.cn/5094/#pvareaid=6834146,,4.75,紧凑型车,,136马力,
高尔夫・纯电,大众,,14.77,16.88,,https://www.autohome.com.cn/5040/#pvareaid=6834146,,4.88,紧凑型车,,136马力,
高尔夫・嘉旅,大众,,14.40,19.28,,https://www.autohome.com.cn/3964/#pvareaid=6834146,,4.34,紧凑型车,两厢,1.2T 1.4T,干式双离合
迈腾,大众,,18.69,30.99,,https://www.autohome.com.cn/496/#pvareaid=6834146,,4.42,中型车,三厢,1.4T 2.0T,干式双离合 湿式双离合
迈腾GTE插电混动,大众,,25.39,26.89,,https://www.autohome.com.cn/5062/#pvareaid=6834146,,4.60,中型车,,1.4T,
一汽-大众CC,大众,,24.99,29.99,,https://www.autohome.com.cn/905/#pvareaid=6834146,,4.47,中型车,掀背 旅行跨界车,2.0T,湿式双离合
探影,大众,,11.59,16.09,,https://www.autohome.com.cn/5394/#pvareaid=6834146,,3.84,小型SUV,SUV,1.2T 1.4T 1.5L,干式双离合 手自一体 手动
ID.4 CROZZ,大众,,19.99,27.99,,https://www.autohome.com.cn/5785/#pvareaid=6834146,,4.31,紧凑型SUV,,170-306马力,
T-ROC探歌,大众,,15.89,20.49,,https://www.autohome.com.cn/4674/#pvareaid=6834146,,4.41,紧凑型SUV,SUV,1.4T,干式双离合 湿式双离合
探岳,大众,,18.69,26.49,,https://www.autohome.com.cn/4744/#pvareaid=6834146,,4.38,中型SUV,SUV,1.4T 2.0T,湿式双离合
探岳GTE插电混动,大众,,24.98,25.98,,https://www.autohome.com.cn/5061/#pvareaid=6834146,,4.58,中型SUV,,1.4T,
途锐,大众,,59.18,82.18,,https://www.autohome.com.cn/82/#pvareaid=6834146,,4.43,中大型SUV,SUV,2.0T 3.0T,手自一体
途锐新能源,大众,,67.98,67.98,,https://www.autohome.com.cn/5063/#pvareaid=6834146,,4.63,中大型SUV,,2.0T,
俊风ER30,东风,,14.98,14.98,,https://www.autohome.com.cn/4858/#pvareaid=6834146,,,小型车,,82马力,
俊风E11K,东风,,23.38,23.38,,https://www.autohome.com.cn/4740/#pvareaid=6834146,,,紧凑型车,,136马力,
猛士M50,东风,,66.88,66.88,,https://www.autohome.com.cn/6290/#pvareaid=6834146,,,皮卡,,4.0T,
御风P16,东风,,8.48,15.18,,https://www.autohome.com.cn/4486/#pvareaid=6834146,,4.39,皮卡,皮卡,1.9T 2.4L 2.4T,手动 自动
帕拉索,东风,,12.98,19.28,,https://www.autohome.com.cn/5879/#pvareaid=6834146,,,中大型SUV,SUV,1.8T,手动
锐骐,东风,,7.78,12.78,,https://www.autohome.com.cn/2510/#pvareaid=6834146,,4.53,皮卡,皮卡,2.4L 2.4T 2.5T,手动
锐骐6,东风,,8.98,17.98,,https://www.autohome.com.cn/4888/#pvareaid=6834146,,4.49,皮卡,皮卡,2.3T 2.4L 2.5T,自动 手动
锐骐6新能源,东风,,29.98,29.98,,https://www.autohome.com.cn/5312/#pvareaid=6834146,,,皮卡,,163马力,
锐骐新能源,东风,,26.98,26.98,,https://www.autohome.com.cn/5368/#pvareaid=6834146,,,皮卡,,116马力,
东风・瑞泰特EM10,东风・瑞泰特,,7.98,7.98,,https://www.autohome.com.cn/4915/#pvareaid=6834146,,4.38,轻客,,61马力,
东风・瑞泰特EM30,东风・瑞泰特,,25.98,25.98,,https://www.autohome.com.cn/4755/#pvareaid=6834146,,,轻客,,136马力,
风光E1,东风风光,,6.18,7.38,,https://www.autohome.com.cn/5497/#pvareaid=6834146,,,小型SUV,,45马力,
风光500,东风风光,,5.48,7.48,,https://www.autohome.com.cn/5871/#pvareaid=6834146,,4.54,紧凑型SUV,SUV,1.5L,手动 无级
风光E3,东风风光,,12.98,15.98,,https://www.autohome.com.cn/5257/#pvareaid=6834146,,4.50,紧凑型SUV,,163马力,
风光S560,东风风光,,6.59,7.99,,https://www.autohome.com.cn/4468/#pvareaid=6834146,,4.54,紧凑型SUV,SUV,1.5T 1.8L 2.0L,手动 无级
风光580,东风风光,,7.99,11.59,,https://www.autohome.com.cn/4023/#pvareaid=6834146,,4.53,中型SUV,SUV,1.5T 1.8L,无级 手动
风光580Pro,东风风光,,9.29,12.09,,https://www.autohome.com.cn/5384/#pvareaid=6834146,,4.53,中型SUV,SUV,1.5T,手动 无级
风光ix5,东风风光,,9.98,13.98,,https://www.autohome.com.cn/4759/#pvareaid=6834146,,4.57,中型SUV,SUV,1.5T,无级 手动
风光ix7,东风风光,,12.59,21.59,,https://www.autohome.com.cn/5070/#pvareaid=6834146,,4.54,中型SUV,SUV,2.0T,手自一体
风光330,东风风光,,4.49,5.19,,https://www.autohome.com.cn/3829/#pvareaid=6834146,,4.13,微面,客车 货车,1.5L,手动
东风风神E70,东风风神,,13.58,15.98,,https://www.autohome.com.cn/4421/#pvareaid=6834146,,,紧凑型车,,150-163马力,
奕炫,东风风神,,6.99,9.89,,https://www.autohome.com.cn/5103/#pvareaid=6834146,,4.54,紧凑型车,三厢,1.0T 1.5T,湿式双离合 手动
奕炫EV,东风风神,,14.98,15.98,,https://www.autohome.com.cn/5446/#pvareaid=6834146,,,紧凑型车,,163马力,
东风风神AX4,东风风神,,7.59,9.39,,https://www.autohome.com.cn/4383/#pvareaid=6834146,,,小型SUV,SUV,1.0T,湿式双离合 手动
东风风神AX7,东风风神,,8.98,14.39,,https://www.autohome.com.cn/3341/#pvareaid=6834146,,4.58,紧凑型SUV,SUV,1.5T 1.6T,手动 手自一体 自动
奕炫GS,东风风神,,7.49,10.89,,https://www.autohome.com.cn/5696/#pvareaid=6834146,,4.52,紧凑型SUV,SUV,1.0T 1.5T,手动 湿式双离合
风行S50EV,东风风行,,13.09,18.09,,https://www.autohome.com.cn/4614/#pvareaid=6834146,,,紧凑型车,,163马力,
景逸S50,东风风行,,6.99,9.69,,https://www.autohome.com.cn/3301/#pvareaid=6834146,,,紧凑型车,三厢,1.6L,无级 手动
风行SX6,东风风行,,5.99,7.59,,https://www.autohome.com.cn/3970/#pvareaid=6834146,,4.86,紧凑型SUV,SUV,1.6L,手动
风行T5,东风风行,,6.99,12.99,,https://www.autohome.com.cn/4767/#pvareaid=6834146,,4.54,紧凑型SUV,SUV,1.5T 1.6L,手动 手自一体
风行T5 EVO,东风风行,,10.39,13.69,,https://www.autohome.com.cn/5835/#pvareaid=6834146,,4.59,紧凑型SUV,SUV,1.5T,湿式双离合
风行T5L,东风风行,,8.99,13.99,,https://www.autohome.com.cn/4921/#pvareaid=6834146,,4.74,中型SUV,SUV,1.5T 1.8T,手动 手自一体
菱智,东风风行,,5.99,9.99,,https://www.autohome.com.cn/2540/#pvareaid=6834146,,4.40,中型MPV,MPV,1.6L 2.0L,手动
菱智M5EV,东风风行,,15.79,20.69,,https://www.autohome.com.cn/4418/#pvareaid=6834146,,4.86,中型MPV,,122马力,
风行M7,东风风行,,12.69,15.99,,https://www.autohome.com.cn/4805/#pvareaid=6834146,,,中大型MPV,MPV,1.8T,手动
菱智PLUS,东风风行,,9.99,13.19,,https://www.autohome.com.cn/5950/#pvareaid=6834146,,4.48,中大型MPV,MPV,2.0L,手动
东风小康C35,东风小康,,5.08,5.38,,https://www.autohome.com.cn/3036/#pvareaid=6834146,,3.75,微面,货车,1.5L,手动
东风小康C36,东风小康,,4.98,5.28,,https://www.autohome.com.cn/3502/#pvareaid=6834146,,4.69,微面,客车,1.5L,手动
东风小康C37,东风小康,,5.49,5.89,,https://www.autohome.com.cn/2865/#pvareaid=6834146,,,微面,客车,1.5L,手动
东风小康C56,东风小康,,5.58,5.98,,https://www.autohome.com.cn/5862/#pvareaid=6834146,,4.56,微面,客车,1.5L,手动
东风小康EC36,东风小康,,10.79,10.79,,https://www.autohome.com.cn/4461/#pvareaid=6834146,,,微面,,82马力,
东风小康K05S,东风小康,,3.09,3.59,,https://www.autohome.com.cn/4299/#pvareaid=6834146,,3.69,微面,货车,1.0L 1.2L,手动
东风小康K07S,东风小康,,2.89,3.59,,https://www.autohome.com.cn/3697/#pvareaid=6834146,,4.29,微面,客车,1.0L 1.2L,手动
东风小康C31,东风小康,,3.69,4.89,,https://www.autohome.com.cn/3698/#pvareaid=6834146,,4.65,微卡,货车,1.2L 1.5L 1.6L,手动
东风小康C32,东风小康,,3.99,5.19,,https://www.autohome.com.cn/3699/#pvareaid=6834146,,4.55,微卡,货车,1.2L 1.5L 1.6L,手动
东风小康C51,东风小康,,4.69,5.09,,https://www.autohome.com.cn/5581/#pvareaid=6834146,,4.52,微卡,货车,1.5L 1.6L,手动
东风小康C52,东风小康,,4.99,5.39,,https://www.autohome.com.cn/5582/#pvareaid=6834146,,4.79,微卡,货车,1.5L 1.6L,手动
东风小康C71,东风小康,,4.68,6.18,,https://www.autohome.com.cn/6179/#pvareaid=6834146,,4.88,微卡,货车,1.6L 2.0L,手动
东风小康C72,东风小康,,5.48,6.48,,https://www.autohome.com.cn/6180/#pvareaid=6834146,,4.88,微卡,货车,1.6L 2.0L,手动
东风小康D51,东风小康,,4.39,5.39,,https://www.autohome.com.cn/5034/#pvareaid=6834146,,4.52,微卡,货车,1.2L 1.5L,手动
东风小康D52,东风小康,,4.69,5.69,,https://www.autohome.com.cn/5067/#pvareaid=6834146,,4.47,微卡,货车,1.2L 1.5L,手动
东风小康K01,东风小康,,2.69,3.49,,https://www.autohome.com.cn/2452/#pvareaid=6834146,,4.04,微卡,货车,1.0L 1.2L,手动
东风小康K02,东风小康,,3.29,3.79,,https://www.autohome.com.cn/2497/#pvareaid=6834146,,,微卡,货车,1.0L 1.2L,手动
东南A5翼舞,东南,,5.29,7.89,,https://www.autohome.com.cn/4901/#pvareaid=6834146,,,紧凑型车,三厢,1.5L,手动 无级
东南DX3,东南,,6.19,8.99,,https://www.autohome.com.cn/4086/#pvareaid=6834146,,4.44,小型SUV,SUV,1.5L 1.5T,无级 手动
东南DX3新能源,东南,,17.15,19.15,,https://www.autohome.com.cn/4632/#pvareaid=6834146,,4.88,小型SUV,,122马力,
东南DX5,东南,,6.99,9.99,,https://www.autohome.com.cn/5308/#pvareaid=6834146,,4.88,小型SUV,SUV,1.5L 1.5T,无级 手动
东南DX7,东南,,9.99,13.99,,https://www.autohome.com.cn/3634/#pvareaid=6834146,,4.56,紧凑型SUV,SUV,1.5T,湿式双离合 手动 手自一体
Portofino,法拉利,,263.80,263.80,,https://www.autohome.com.cn/4524/#pvareaid=6834146,,,跑车,硬顶敞篷车,3.9T,湿式双离合
Roma,法拉利,,238.00,238.00,,https://www.autohome.com.cn/5517/#pvareaid=6834146,,,跑车,硬顶跑车,3.9T,湿式双离合
SF90,法拉利,,488.80,499.80,,https://www.autohome.com.cn/5324/#pvareaid=6834146,,,跑车,,3.9T,
法拉利812,法拉利,,485.90,530.00,,https://www.autohome.com.cn/4314/#pvareaid=6834146,,,跑车,硬顶敞篷车 硬顶跑车,6.5L,湿式双离合
法拉利F8,法拉利,,298.80,341.80,,https://www.autohome.com.cn/5141/#pvareaid=6834146,,4.88,跑车,硬顶敞篷车 硬顶跑车,3.9T,湿式双离合
法拉利488,法拉利,,408.00,449.90,,https://www.autohome.com.cn/3720/#pvareaid=6834146,,,跑车,硬顶敞篷车 硬顶跑车,3.9T,湿式双离合
YARiS L 致享,丰田,,8.78,10.58,,https://www.autohome.com.cn/4259/#pvareaid=6834146,,4.56,小型车,三厢,1.5L,无级
YARiS L 致炫,丰田,,8.58,10.38,,https://www.autohome.com.cn/3126/#pvareaid=6834146,,4.55,小型车,两厢 两厢跨界车,1.5L,无级
雷凌,丰田,,11.38,15.28,,https://www.autohome.com.cn/3462/#pvareaid=6834146,,4.53,紧凑型车,三厢,1.2T 1.5L 1.8L,无级
雷凌双擎E+,丰田,,20.38,21.88,,https://www.autohome.com.cn/4837/#pvareaid=6834146,,4.57,紧凑型车,,1.8L,
凌尚,丰田,,14.88,15.88,,https://www.autohome.com.cn/5963/#pvareaid=6834146,,,紧凑型车,三厢,2.0L,无级
凯美瑞,丰田,,17.98,26.98,,https://www.autohome.com.cn/110/#pvareaid=6834146,,4.59,中型车,三厢,2.0L 2.5L,无级 手自一体
丰田C-HR,丰田,,14.18,19.08,,https://www.autohome.com.cn/4645/#pvareaid=6834146,,4.48,小型SUV,SUV,2.0L,无级
丰田C-HR EV,丰田,,22.58,24.98,,https://www.autohome.com.cn/5270/#pvareaid=6834146,,4.58,小型SUV,,204马力,
威兰达,丰田,,17.18,24.18,,https://www.autohome.com.cn/5472/#pvareaid=6834146,,4.53,紧凑型SUV,SUV,2.0L 2.5L,无级
威兰达新能源,丰田,,25.88,29.98,,https://www.autohome.com.cn/5977/#pvareaid=6834146,,,紧凑型SUV,,2.5L,
汉兰达,丰田,,23.98,34.88,,https://www.autohome.com.cn/771/#pvareaid=6834146,,4.54,中型SUV,SUV,2.0T 2.5L,手自一体 无级
威驰,丰田,,7.38,9.48,,https://www.autohome.com.cn/111/#pvareaid=6834146,,4.54,小型车,三厢,1.5L,无级 手动
威驰FS,丰田,,7.18,9.28,,https://www.autohome.com.cn/4260/#pvareaid=6834146,,4.56,小型车,两厢,1.5L,手动 无级
卡罗拉,丰田,,10.98,15.98,,https://www.autohome.com.cn/526/#pvareaid=6834146,,4.56,紧凑型车,三厢,1.2T 1.5L 1.8L,无级 手动
卡罗拉双擎E+,丰田,,20.78,23.08,,https://www.autohome.com.cn/4832/#pvareaid=6834146,,4.59,紧凑型车,,1.8L,
亚洲狮,丰田,,14.28,17.98,,https://www.autohome.com.cn/5960/#pvareaid=6834146,,4.56,紧凑型车,三厢,2.0L,无级
亚洲龙,丰田,,19.98,28.98,,https://www.autohome.com.cn/4962/#pvareaid=6834146,,4.54,中型车,三厢,2.0L 2.5L,手自一体 无级
奕泽E进擎,丰田,,22.58,25.38,,https://www.autohome.com.cn/5271/#pvareaid=6834146,,4.51,小型SUV,,204马力,
奕泽IZOA,丰田,,14.58,18.98,,https://www.autohome.com.cn/4646/#pvareaid=6834146,,4.52,小型SUV,SUV,2.0L,无级
RAV4荣放,丰田,,17.48,25.98,,https://www.autohome.com.cn/770/#pvareaid=6834146,,4.54,紧凑型SUV,SUV,2.0L 2.5L,无级
RAV4荣放双擎E+,丰田,,24.88,29.68,,https://www.autohome.com.cn/5967/#pvareaid=6834146,,4.59,紧凑型SUV,,2.5L,
柯斯达,丰田,,41.84,55.89,,https://www.autohome.com.cn/2527/#pvareaid=6834146,,,轻客,客车,4.0L,手动
埃尔法,丰田,,81.90,92.00,,https://www.autohome.com.cn/2107/#pvareaid=6834146,,4.21,中大型MPV,MPV,2.5L,无级
威尔法,丰田,,81.90,92.00,,https://www.autohome.com.cn/3718/#pvareaid=6834146,,4.51,中大型MPV,MPV,2.5L,无级
SUPRA,丰田,,49.60,62.60,,https://www.autohome.com.cn/2617/#pvareaid=6834146,,,跑车,硬顶跑车,2.0T 3.0T,手自一体
雄师F16,福迪,,5.58,9.18,,https://www.autohome.com.cn/2895/#pvareaid=6834146,,,皮卡,皮卡,2.2L 2.4L 2.8T,手动
雄师F22,福迪,,7.78,15.18,,https://www.autohome.com.cn/3754/#pvareaid=6834146,,4.53,皮卡,皮卡,1.9T 2.4L 2.8T,自动 手动
启腾EX7,福汽启腾,,16.68,16.98,,https://www.autohome.com.cn/5966/#pvareaid=6834146,,,紧凑型SUV,,82马力,
启腾EX80,福汽启腾,,4.88,5.18,,https://www.autohome.com.cn/3877/#pvareaid=6834146,,,微面,客车,1.5L,手动
启腾M70,福汽启腾,,4.68,5.18,,https://www.autohome.com.cn/3346/#pvareaid=6834146,,,微面,货车,1.5L,手动
启腾M70EV,福汽启腾,,9.58,13.58,,https://www.autohome.com.cn/4530/#pvareaid=6834146,,,微面,,82马力,
启腾N30,福汽启腾,,3.56,4.21,,https://www.autohome.com.cn/6103/#pvareaid=6834146,,,微卡,货车,1.3L,手动
启腾N50,福汽启腾,,3.88,4.78,,https://www.autohome.com.cn/6102/#pvareaid=6834146,,,微卡,货车,1.5L,手动
启腾N50EV,福汽启腾,,13.08,13.38,,https://www.autohome.com.cn/5934/#pvareaid=6834146,,,微卡,,82马力,
福克斯,福特,,10.88,15.38,,https://www.autohome.com.cn/364/#pvareaid=6834146,,4.51,紧凑型车,两厢 三厢 旅行跨界车,1.5L 1.5T,手动 手自一体 自动
福克斯Active,福特,,13.98,13.98,,https://www.autohome.com.cn/5383/#pvareaid=6834146,,4.55,紧凑型车,两厢跨界车,1.5T,手自一体
福睿斯,福特,,9.08,11.68,,https://www.autohome.com.cn/3347/#pvareaid=6834146,,4.49,紧凑型车,三厢,1.5L,手自一体
金牛座,福特,,22.89,28.89,,https://www.autohome.com.cn/3693/#pvareaid=6834146,,4.51,中型车,三厢,2.0T,手自一体
蒙迪欧,福特,,19.28,22.68,,https://www.autohome.com.cn/117/#pvareaid=6834146,,4.57,中型车,三厢,1.5T 2.0T,自动
锐际,福特,,16.98,21.88,,https://www.autohome.com.cn/5211/#pvareaid=6834146,,4.51,紧凑型SUV,SUV,2.0T,手自一体 自动
锐际新能源,福特,,20.80,20.80,,https://www.autohome.com.cn/5759/#pvareaid=6834146,,,紧凑型SUV,,1.5T,
翼虎,福特,,16.98,24.98,,https://www.autohome.com.cn/2863/#pvareaid=6834146,,4.35,紧凑型SUV,SUV,1.5T 2.0T,手自一体
锐界,福特,,22.98,30.98,,https://www.autohome.com.cn/3615/#pvareaid=6834146,,4.52,中型SUV,SUV,2.0T,自动 手自一体
探险者,福特,,30.98,39.98,,https://www.autohome.com.cn/5556/#pvareaid=6834146,,4.51,中大型SUV,SUV,2.3T,手自一体
Mustang Mach-E,福特,,26.50,37.99,,https://www.autohome.com.cn/6029/#pvareaid=6834146,,,中型SUV,,273-488马力,
Mustang,福特,,36.98,40.18,,https://www.autohome.com.cn/102/#pvareaid=6834146,,4.52,跑车,硬顶跑车,2.3T,手自一体
福特F-150,福特,,52.38,61.28,,https://www.autohome.com.cn/2353/#pvareaid=6834146,,4.49,皮卡,皮卡,3.5T,手自一体
风景V3,福田,,3.28,3.48,,https://www.autohome.com.cn/3676/#pvareaid=6834146,,,微面,客车 货车,1.0L 1.2L,手动
风景V5,福田,,3.68,5.18,,https://www.autohome.com.cn/3821/#pvareaid=6834146,,,微面,客车 货车,1.2L 1.5L,手动
风景V5新能源,福田,,12.66,12.66,,https://www.autohome.com.cn/5156/#pvareaid=6834146,,,微面,,109马力,
伽途ix5,福田,,4.49,5.09,,https://www.autohome.com.cn/3991/#pvareaid=6834146,,,微面,客车,1.2L 1.5L,手动
伽途ix7,福田,,5.39,6.59,,https://www.autohome.com.cn/3990/#pvareaid=6834146,,,微面,客车,1.5L,手动
祥菱S,福田,,4.89,5.25,,https://www.autohome.com.cn/5018/#pvareaid=6834146,,,微面,客车 货车,1.5L,手动
祥菱M,福田,,4.70,6.15,,https://www.autohome.com.cn/4893/#pvareaid=6834146,,4.75,微卡,货车,1.2L 1.5L,手动
祥菱V,福田,,4.03,5.64,,https://www.autohome.com.cn/4165/#pvareaid=6834146,,2.50,微卡,货车,1.2L 1.5L,手动
风景G5,福田,,8.33,11.13,,https://www.autohome.com.cn/5362/#pvareaid=6834146,,,轻客,客车 货车,2.0L 2.0T 2.4L,手动
风景G7,福田,,7.95,10.66,,https://www.autohome.com.cn/3440/#pvareaid=6834146,,,轻客,客车 货车,2.0T 2.4L,手动
风景G9,福田,,10.55,13.81,,https://www.autohome.com.cn/4035/#pvareaid=6834146,,,轻客,客车 货车,2.4L 2.8T,手动
风景智蓝,福田,,22.88,22.98,,https://www.autohome.com.cn/6292/#pvareaid=6834146,,,轻客,,116马力,
福田风景,福田,,5.63,9.52,,https://www.autohome.com.cn/2535/#pvareaid=6834146,,4.38,轻客,客车,2.0L 2.2L 2.5T ...,手动
蒙派克E,福田,,7.46,10.85,,https://www.autohome.com.cn/2542/#pvareaid=6834146,,4.45,轻客,客车,2.0L 2.4L,手动
蒙派克S,福田,,13.90,17.25,,https://www.autohome.com.cn/3089/#pvareaid=6834146,,,轻客,客车,2.4L 2.8T,手动
图雅诺,福田,,9.57,22.98,,https://www.autohome.com.cn/3735/#pvareaid=6834146,,4.56,轻客,客车 货车,2.0T 2.5T 2.8T,手动 自动
图雅诺智蓝,福田,,27.98,31.98,,https://www.autohome.com.cn/4612/#pvareaid=6834146,,,轻客,,136马力,
大将军,福田,,11.98,18.38,,https://www.autohome.com.cn/5781/#pvareaid=6834146,,4.57,皮卡,皮卡,2.0T 2.5T,自动 手动
福田征服者,福田,,7.78,10.28,,https://www.autohome.com.cn/5700/#pvareaid=6834146,,,皮卡,皮卡,2.0T 2.4L,手动
萨普,福田,,6.28,6.58,,https://www.autohome.com.cn/2579/#pvareaid=6834146,,,皮卡,皮卡,1.5L,手动
拓陆者,福田,,7.78,19.88,,https://www.autohome.com.cn/2577/#pvareaid=6834146,,4.49,皮卡,皮卡,2.0T 2.4L 2.8T,手动 自动
拓陆者胜途,福田,,8.88,12.28,,https://www.autohome.com.cn/5546/#pvareaid=6834146,,,皮卡,皮卡,2.0T 2.4L,手动
拓陆者驭途,福田,,10.48,16.98,,https://www.autohome.com.cn/5545/#pvareaid=6834146,,4.25,皮卡,皮卡,2.0T,手动
观致3,观致,,10.59,10.59,,https://www.autohome.com.cn/2974/#pvareaid=6834146,,4.61,紧凑型车,三厢,1.5T,无级
观致5,观致,,13.88,16.38,,https://www.autohome.com.cn/3662/#pvareaid=6834146,,4.50,紧凑型SUV,SUV,1.6T,湿式双离合
观致7,观致,,10.98,15.98,,https://www.autohome.com.cn/5733/#pvareaid=6834146,,4.54,紧凑型SUV,SUV,1.6T 1.8T,湿式双离合
传祺GA4,广汽传祺,,7.58,14.08,,https://www.autohome.com.cn/4630/#pvareaid=6834146,,4.55,紧凑型车,三厢,1.5T,手动 湿式双离合
传祺GA6,广汽传祺,,10.88,16.88,,https://www.autohome.com.cn/3349/#pvareaid=6834146,,4.55,中型车,三厢,1.5T,手自一体
传祺GA8,广汽传祺,,15.68,22.68,,https://www.autohome.com.cn/3782/#pvareaid=6834146,,4.53,中大型车,三厢,2.0T,手自一体
传祺GS3,广汽传祺,,7.88,10.28,,https://www.autohome.com.cn/3495/#pvareaid=6834146,,4.54,小型SUV,SUV,1.5T,手动 手自一体
传祺GS4,广汽传祺,,8.98,13.98,,https://www.autohome.com.cn/3691/#pvareaid=6834146,,4.57,紧凑型SUV,SUV,1.5T,手自一体 手动 湿式双离合
传祺GS4 COUPE,广汽传祺,,13.68,14.68,,https://www.autohome.com.cn/5812/#pvareaid=6834146,,4.54,紧凑型SUV,SUV跨界车,1.5T,湿式双离合
传祺GS4 PLUS,广汽传祺,,12.68,14.98,,https://www.autohome.com.cn/6270/#pvareaid=6834146,,4.13,紧凑型SUV,SUV,1.5T 2.0T,自动 手自一体
传祺GS4新能源,广汽传祺,,16.38,19.38,,https://www.autohome.com.cn/4256/#pvareaid=6834146,,,紧凑型SUV,,1.5T,
传祺GS5,广汽传祺,,12.68,16.98,,https://www.autohome.com.cn/2560/#pvareaid=6834146,,4.48,中型SUV,SUV,1.5T,手自一体
传祺GS8,广汽传祺,,15.58,26.28,,https://www.autohome.com.cn/4094/#pvareaid=6834146,,4.55,中型SUV,SUV,2.0T,手自一体 自动
传祺M6,广汽传祺,,10.98,15.98,,https://www.autohome.com.cn/4662/#pvareaid=6834146,,4.53,紧凑型MPV,MPV,1.5T,手动 湿式双离合
传祺M8,广汽传祺,,17.98,36.98,,https://www.autohome.com.cn/4174/#pvareaid=6834146,,4.57,中大型MPV,MPV,2.0T,自动
绎乐,广汽集团,,16.78,18.98,,https://www.autohome.com.cn/5953/#pvareaid=6834146,,,紧凑型车,,184马力,
广汽丰田iA5,广汽集团,,16.98,19.28,,https://www.autohome.com.cn/5372/#pvareaid=6834146,,4.52,紧凑型车,,184马力,
祺智EV,广汽集团,,12.98,13.98,,https://www.autohome.com.cn/4932/#pvareaid=6834146,,,小型SUV,,180马力,
AION S,广汽新能源,,13.96,20.58,,https://www.autohome.com.cn/5026/#pvareaid=6834146,,4.43,紧凑型车,,136-224马力,
传祺GE3,广汽新能源,,15.48,18.08,,https://www.autohome.com.cn/4291/#pvareaid=6834146,,,小型SUV,,180马力,
AION V,广汽新能源,,15.96,23.96,,https://www.autohome.com.cn/5622/#pvareaid=6834146,,4.52,紧凑型SUV,,184马力,
AION Y,广汽新能源,,10.46,14.86,,https://www.autohome.com.cn/5976/#pvareaid=6834146,,4.53,紧凑型SUV,,95-184马力,
AION LX,广汽新能源,,22.96,34.96,,https://www.autohome.com.cn/5262/#pvareaid=6834146,,4.56,中型SUV,,184-408马力,
哈弗F5,哈弗,,7.98,12.58,,https://www.autohome.com.cn/4792/#pvareaid=6834146,,4.52,紧凑型SUV,SUV,1.5T,湿式双离合 手动
哈弗F7,哈弗,,11.18,15.18,,https://www.autohome.com.cn/4898/#pvareaid=6834146,,4.33,紧凑型SUV,SUV,1.5T 2.0T,湿式双离合
哈弗F7x,哈弗,,11.99,15.49,,https://www.autohome.com.cn/4984/#pvareaid=6834146,,4.54,紧凑型SUV,SUV跨界车,1.5T 2.0T,湿式双离合
哈弗H6,哈弗,,9.80,15.49,,https://www.autohome.com.cn/2123/#pvareaid=6834146,,4.53,紧凑型SUV,SUV,1.5T 2.0T,手动 湿式双离合
哈弗M6,哈弗,,6.60,9.29,,https://www.autohome.com.cn/4485/#pvareaid=6834146,,4.49,紧凑型SUV,SUV,1.5T,湿式双离合 手动
哈弗赤兔,哈弗,,10.98,12.38,,https://www.autohome.com.cn/6048/#pvareaid=6834146,,,紧凑型SUV,SUV,1.5T,湿式双离合
哈弗初恋,哈弗,,7.89,11.29,,https://www.autohome.com.cn/5926/#pvareaid=6834146,,4.63,紧凑型SUV,SUV,1.5T,湿式双离合 手动
哈弗大狗,哈弗,,11.99,16.29,,https://www.autohome.com.cn/5770/#pvareaid=6834146,,4.55,紧凑型SUV,SUV,1.5T 2.0T,湿式双离合
哈弗H7,哈弗,,14.20,17.30,,https://www.autohome.com.cn/3074/#pvareaid=6834146,,4.30,中型SUV,SUV,2.0T,湿式双离合
哈弗H9,哈弗,,20.98,36.88,,https://www.autohome.com.cn/3298/#pvareaid=6834146,,4.53,中大型SUV,SUV,2.0T,手自一体
哈弗H2,哈弗,,7.59,9.59,,https://www.autohome.com.cn/2615/#pvareaid=6834146,,4.47,小型SUV,SUV,1.5T,湿式双离合 手动
哈弗H4,哈弗,,7.39,11.50,,https://www.autohome.com.cn/4608/#pvareaid=6834146,,4.53,紧凑型SUV,SUV,1.5T,湿式双离合 手动
哈弗H6 Coupe,哈弗,,7.99,11.90,,https://www.autohome.com.cn/3481/#pvareaid=6834146,,,紧凑型SUV,SUV,1.5T,湿式双离合 手动
海格H4E,海格,,22.30,25.80,,https://www.autohome.com.cn/4131/#pvareaid=6834146,,,微面,,82马力,
海格H5C,海格,,16.53,24.68,,https://www.autohome.com.cn/2572/#pvareaid=6834146,,,轻客,客车,2.4L 2.5T 2.7L,手动
海格H5V,海格,,21.08,29.28,,https://www.autohome.com.cn/3243/#pvareaid=6834146,,,轻客,客车,2.8T,手动
海格H6C,海格,,18.98,21.08,,https://www.autohome.com.cn/3636/#pvareaid=6834146,,,轻客,客车,2.7L 2.8T,手动
海格H6V,海格,,70.80,80.80,,https://www.autohome.com.cn/3638/#pvareaid=6834146,,,轻客,,116马力,
海格H7V,海格,,20.88,20.88,,https://www.autohome.com.cn/3235/#pvareaid=6834146,,,轻客,客车,3.0T,手动
龙威,海格,,7.28,16.58,,https://www.autohome.com.cn/3149/#pvareaid=6834146,,3.90,皮卡,皮卡,2.4L 2.8T,手动 AMT 自动
御骏,海格,,7.18,9.28,,https://www.autohome.com.cn/2673/#pvareaid=6834146,,3.50,皮卡,皮卡,2.2L 2.8T,手动
海马爱尚EV,海马,,3.98,6.98,,https://www.autohome.com.cn/4459/#pvareaid=6834146,,,微型车,,41-54马力,
海马6P,海马,,16.28,17.58,,https://www.autohome.com.cn/5626/#pvareaid=6834146,,,紧凑型SUV,,1.2T,
海马8S,海马,,7.99,13.69,,https://www.autohome.com.cn/4770/#pvareaid=6834146,,4.56,紧凑型SUV,SUV,1.6T,湿式双离合 手动 手自一体
海马7X,海马,,12.58,14.98,,https://www.autohome.com.cn/5374/#pvareaid=6834146,,4.56,紧凑型MPV,MPV,1.5T 1.6T,手自一体
幸福e+,汉腾汽车,,5.98,6.98,,https://www.autohome.com.cn/4416/#pvareaid=6834146,,4.75,微型车,,57马力,
汉腾X5,汉腾汽车,,6.98,10.58,,https://www.autohome.com.cn/4226/#pvareaid=6834146,,,紧凑型SUV,SUV,1.5T,手动 手自一体
汉腾X5新能源,汉腾汽车,,18.98,20.98,,https://www.autohome.com.cn/4419/#pvareaid=6834146,,,紧凑型SUV,,129马力,
汉腾X7,汉腾汽车,,7.98,12.38,,https://www.autohome.com.cn/4130/#pvareaid=6834146,,4.53,紧凑型SUV,SUV,1.5T,手动 手自一体
汉腾V7,汉腾汽车,,8.19,13.59,,https://www.autohome.com.cn/4825/#pvareaid=6834146,,4.59,紧凑型MPV,MPV,1.5T,手自一体 手动
恒好EV1,恒天,,11.37,11.37,,https://www.autohome.com.cn/5007/#pvareaid=6834146,,,微面,,57马力,
恒好EV7,恒天,,11.46,11.46,,https://www.autohome.com.cn/5006/#pvareaid=6834146,,,微面,,57马力,
红旗E-QM5,红旗,,23.98,23.98,,https://www.autohome.com.cn/6002/#pvareaid=6834146,,,中型车,,136马力,
红旗H5,红旗,,14.58,19.08,,https://www.autohome.com.cn/4410/#pvareaid=6834146,,4.49,中型车,三厢,1.5T 1.8T,手自一体 湿式双离合
红旗H7,红旗,,25.28,31.78,,https://www.autohome.com.cn/2771/#pvareaid=6834146,,4.43,中大型车,三厢,1.8T 2.0T 3.0L,手自一体 湿式双离合
红旗H9,红旗,,30.98,53.98,,https://www.autohome.com.cn/5566/#pvareaid=6834146,,4.51,中大型车,三厢,2.0T 3.0T,湿式双离合
红旗E-HS3,红旗,,22.58,26.58,,https://www.autohome.com.cn/4789/#pvareaid=6834146,,,紧凑型SUV,,155-310马力,
红旗HS5,红旗,,18.38,24.98,,https://www.autohome.com.cn/5048/#pvareaid=6834146,,4.51,中型SUV,SUV,2.0T,手自一体
红旗HS7,红旗,,27.58,45.98,,https://www.autohome.com.cn/4150/#pvareaid=6834146,,4.55,中大型SUV,SUV,2.0T 3.0T,湿式双离合 手自一体
红旗E-HS9,红旗,,50.98,72.98,,https://www.autohome.com.cn/5425/#pvareaid=6834146,,4.43,大型SUV,,435-551马力,
华凯皮卡,华凯,,6.54,10.68,,https://www.autohome.com.cn/3911/#pvareaid=6834146,,,皮卡,皮卡,2.2L 2.8T,手动
瑞途,黄海,,10.28,11.18,,https://www.autohome.com.cn/4162/#pvareaid=6834146,,,轻客,客车 货车,2.0T,手动
瑞途新能源,黄海,,25.98,25.98,,https://www.autohome.com.cn/5948/#pvareaid=6834146,,,轻客,,150马力,
黄海・大牛,黄海,,8.9999,11.5999,,https://www.autohome.com.cn/6099/#pvareaid=6834146,,,皮卡,皮卡,2.4T 2.5T,手动
黄海・小牛,黄海,,5.9999,7.3999,,https://www.autohome.com.cn/6104/#pvareaid=6834146,,,皮卡,皮卡,2.4L,手动
黄海・野牛,黄海,,9.3999,11.9999,,https://www.autohome.com.cn/6105/#pvareaid=6834146,,,皮卡,皮卡,2.4T 2.5T,手动
黄海N1,黄海,,6.9888,11.1888,,https://www.autohome.com.cn/3455/#pvareaid=6834146,,4.63,皮卡,皮卡,2.4T 2.5T,手动
黄海N2,黄海,,8.7888,16.58,,https://www.autohome.com.cn/3846/#pvareaid=6834146,,,皮卡,皮卡,2.4L 2.4T 2.5T,手动
黄海N3,黄海,,10.8888,13.4888,,https://www.autohome.com.cn/4436/#pvareaid=6834146,,,皮卡,皮卡,2.4T 2.5T,手动
黄海N7,黄海,,11.6888,14.2888,,https://www.autohome.com.cn/5334/#pvareaid=6834146,,,皮卡,皮卡,2.4T 2.5T,手动
自由侠,Jeep,,12.98,18.98,,https://www.autohome.com.cn/4072/#pvareaid=6834146,,4.53,小型SUV,SUV,1.3T,干式双离合 手自一体
指南者,Jeep,,13.98,20.98,,https://www.autohome.com.cn/3845/#pvareaid=6834146,,4.52,紧凑型SUV,SUV,1.3T,手自一体 干式双离合
大指挥官,Jeep,,23.98,36.98,,https://www.autohome.com.cn/4673/#pvareaid=6834146,,4.56,中型SUV,SUV,2.0T,手自一体
大指挥官PHEV,Jeep,,30.98,33.68,,https://www.autohome.com.cn/5796/#pvareaid=6834146,,4.84,中型SUV,,2.0T,
自由光,Jeep,,17.98,31.98,,https://www.autohome.com.cn/3872/#pvareaid=6834146,,4.60,中型SUV,SUV,2.0L 2.0T,手自一体
牧马人,Jeep,,43.99,54.99,,https://www.autohome.com.cn/121/#pvareaid=6834146,,4.29,中型SUV,SUV,2.0T,手自一体
牧马人新能源,Jeep,,52.49,60.49,,https://www.autohome.com.cn/5574/#pvareaid=6834146,,,中型SUV,,2.0T,
大切诺基(进口),Jeep,,52.99,71.49,,https://www.autohome.com.cn/521/#pvareaid=6834146,,4.63,中大型SUV,SUV,3.0L 3.6L,手自一体
江淮iEV6E,江淮,,5.95,7.55,,https://www.autohome.com.cn/4088/#pvareaid=6834146,,4.67,微型车,,61-75马力,
江淮iEV7,江淮,,8.35,8.95,,https://www.autohome.com.cn/5223/#pvareaid=6834146,,,小型车,,61-68马力,
嘉悦A5,江淮,,8.48,11.58,,https://www.autohome.com.cn/5347/#pvareaid=6834146,,4.51,紧凑型车,掀背,1.5T,手动 无级
江淮iC5,江淮,,14.99,17.59,,https://www.autohome.com.cn/5531/#pvareaid=6834146,,4.67,紧凑型车,,193马力,
江淮iEVA50,江淮,,12.98,14.55,,https://www.autohome.com.cn/4628/#pvareaid=6834146,,,紧凑型车,,125-150马力,
嘉悦X4,江淮,,7.28,9.98,,https://www.autohome.com.cn/5717/#pvareaid=6834146,,4.52,小型SUV,SUV,1.5T,手动 无级
江淮iEV7S,江淮,,9.35,10.95,,https://www.autohome.com.cn/4444/#pvareaid=6834146,,,小型SUV,,116马力,
江淮iEVS4,江淮,,13.95,15.95,,https://www.autohome.com.cn/5012/#pvareaid=6834146,,4.65,小型SUV,,150马力,
瑞风S3,江淮,,6.79,8.79,,https://www.autohome.com.cn/3080/#pvareaid=6834146,,,小型SUV,SUV,1.5L,手动
瑞风S4,江淮,,7.58,9.88,,https://www.autohome.com.cn/4934/#pvareaid=6834146,,4.54,小型SUV,SUV,1.5T,手动 无级
瑞风S7,江淮,,10.98,13.98,,https://www.autohome.com.cn/4234/#pvareaid=6834146,,4.67,紧凑型SUV,SUV,1.5T,湿式双离合 手动
瑞风M3,江淮,,6.58,9.48,,https://www.autohome.com.cn/3351/#pvareaid=6834146,,4.53,紧凑型MPV,MPV,1.5T 1.8L,手动
瑞风L6 MAX,江淮,,17.28,20.88,,https://www.autohome.com.cn/5957/#pvareaid=6834146,,4.88,中大型MPV,MPV,2.0T,湿式双离合
瑞风M4,江淮,,10.38,15.48,,https://www.autohome.com.cn/4090/#pvareaid=6834146,,4.60,中大型MPV,MPV,2.0L 2.0T,手动
瑞风M5,江淮,,15.98,15.98,,https://www.autohome.com.cn/2543/#pvareaid=6834146,,,中大型MPV,MPV,2.0T,手动
星锐,江淮,,10.97,21.78,,https://www.autohome.com.cn/2569/#pvareaid=6834146,,4.56,轻客,客车 货车,1.9T 2.0T 2.2T ...,手动
悍途,江淮,,12.98,18.88,,https://www.autohome.com.cn/5829/#pvareaid=6834146,,4.88,皮卡,皮卡,2.0T,手动
江淮T6,江淮,,8.68,13.48,,https://www.autohome.com.cn/3546/#pvareaid=6834146,,4.53,皮卡,皮卡,2.0L 2.0T 2.4T,手动
江淮T8,江淮,,8.88,16.28,,https://www.autohome.com.cn/4847/#pvareaid=6834146,,4.54,皮卡,货车 皮卡,2.0L 2.0T 2.4T,手动
江淮V7,江淮,,7.18,8.38,,https://www.autohome.com.cn/4710/#pvareaid=6834146,,,皮卡,皮卡,2.0L 2.0T,手动
嘉悦X7,江淮,,8.98,11.98,,https://www.autohome.com.cn/5713/#pvareaid=6834146,,4.54,中型SUV,SUV,1.5T,手动 湿式双离合
特顺,江铃,,9.58,13.90,,https://www.autohome.com.cn/4209/#pvareaid=6834146,,4.53,轻客,客车 货车,2.8T,手动
特顺新能源,江铃,,20.60,24.68,,https://www.autohome.com.cn/4922/#pvareaid=6834146,,,轻客,,163马力,
宝典,江铃,,8.28,10.93,,https://www.autohome.com.cn/2514/#pvareaid=6834146,,4.57,皮卡,皮卡,1.8T 2.5T,手动
域虎7,江铃,,10.78,14.63,,https://www.autohome.com.cn/2860/#pvareaid=6834146,,4.50,皮卡,皮卡,2.0T,自动 手动
域虎9,江铃,,13.48,21.18,,https://www.autohome.com.cn/5260/#pvareaid=6834146,,4.50,皮卡,皮卡,2.0T,手动 自动
域虎EV,江铃,,30.98,32.98,,https://www.autohome.com.cn/4995/#pvareaid=6834146,,,皮卡,,163马力,
骐铃T100,江铃集团轻汽,,5.28,7.18,,https://www.autohome.com.cn/4493/#pvareaid=6834146,,,皮卡,皮卡,2.2L 2.8T,手动
骐铃T7,江铃集团轻汽,,7.78,11.38,,https://www.autohome.com.cn/3639/#pvareaid=6834146,,,皮卡,皮卡,2.0T 2.2L 2.8T,手动
捷豹XEL,捷豹,,28.98,38.08,,https://www.autohome.com.cn/4462/#pvareaid=6834146,,4.48,中型车,三厢,2.0T,手自一体
捷豹XFL,捷豹,,37.58,57.88,,https://www.autohome.com.cn/4083/#pvareaid=6834146,,4.51,中大型车,三厢,2.0T,手自一体
捷豹E-PACE,捷豹,,28.18,38.58,,https://www.autohome.com.cn/4663/#pvareaid=6834146,,4.50,紧凑型SUV,SUV,2.0T,手自一体
捷豹F-PACE,捷豹,,45.68,78.78,,https://www.autohome.com.cn/3209/#pvareaid=6834146,,4.50,中型SUV,SUV,2.0T 3.0T,手自一体
捷豹I-PACE,捷豹,,63.08,70.88,,https://www.autohome.com.cn/4251/#pvareaid=6834146,,,中型SUV,,400马力,
捷豹F-TYPE,捷豹,,58.20,91.80,,https://www.autohome.com.cn/2903/#pvareaid=6834146,,4.19,跑车,软顶敞篷车 硬顶跑车,2.0T 3.0T,手自一体
阁瑞斯,金杯,,8.88,27.78,,https://www.autohome.com.cn/2537/#pvareaid=6834146,,4.70,轻客,客车,2.0L 2.2L 2.4L ...,自动 手动
金杯大海狮,金杯,,9.48,25.28,,https://www.autohome.com.cn/2545/#pvareaid=6834146,,,轻客,客车,2.2L 2.4L 2.5T ...,手动 自动
金杯海狮,金杯,,6.18,9.38,,https://www.autohome.com.cn/2810/#pvareaid=6834146,,4.30,轻客,客车 货车,2.0L 2.2L,手动
金杯海狮王,金杯,,8.59,20.99,,https://www.autohome.com.cn/5877/#pvareaid=6834146,,4.25,轻客,客车 货车,2.0L,手动
金杯快运,金杯,,6.99,9.63,,https://www.autohome.com.cn/4237/#pvareaid=6834146,,4.57,轻客,客车,2.0L,手动
金杯F50,金杯,,7.59,9.09,,https://www.autohome.com.cn/4294/#pvareaid=6834146,,,紧凑型MPV,MPV,1.6L,手动
西部牛仔,金杯,,4.52,5.27,,https://www.autohome.com.cn/3853/#pvareaid=6834146,,,微卡,货车,1.5L,手动
大力神K5,金杯,,7.18,11.68,,https://www.autohome.com.cn/4076/#pvareaid=6834146,,,皮卡,皮卡,2.2L 2.5T,手动
金典,金杯,,5.78,6.18,,https://www.autohome.com.cn/2660/#pvareaid=6834146,,3.75,皮卡,货车 皮卡,2.2L,手动
海狮Z系列,金旅,,9.18,13.88,,https://www.autohome.com.cn/5126/#pvareaid=6834146,,,轻客,客车 货车,2.2L 2.3T,手动
金旅大海狮,金旅,,16.68,24.88,,https://www.autohome.com.cn/3886/#pvareaid=6834146,,,轻客,客车 货车,2.4L 2.4T 2.5T ...,手动
金旅大海狮新能源,金旅,,75.00,75.00,,https://www.autohome.com.cn/3885/#pvareaid=6834146,,,轻客,,136马力,
金旅海狮,金旅,,7.08,13.18,,https://www.autohome.com.cn/2976/#pvareaid=6834146,,,轻客,客车 货车,1.8L 2.0L 2.2L,手动
金旅海狮新能源,金旅,,9.28,22.98,,https://www.autohome.com.cn/4601/#pvareaid=6834146,,,轻客,,82-122马力,
领特,金旅,,19.80,24.88,,https://www.autohome.com.cn/5296/#pvareaid=6834146,,,轻客,客车 货车,2.4T 3.0T,手动
领特新能源,金旅,,26.80,29.80,,https://www.autohome.com.cn/5836/#pvareaid=6834146,,,轻客,,150马力,
新时代海狮,金旅,,6.48,7.28,,https://www.autohome.com.cn/5079/#pvareaid=6834146,,,轻客,客车 货车,2.0L,手动
艾菲,九龙,,13.98,13.98,,https://www.autohome.com.cn/3320/#pvareaid=6834146,,,中型MPV,MPV,2.0L,手动
九龙EM3,九龙,,8.58,10.18,,https://www.autohome.com.cn/5016/#pvareaid=6834146,,,微面,,41马力,
九龙A4,九龙,,12.18,17.88,,https://www.autohome.com.cn/3628/#pvareaid=6834146,,,轻客,客车,2.0T 2.4L 2.8T,手动
九龙A5,九龙,,14.78,21.60,,https://www.autohome.com.cn/2573/#pvareaid=6834146,,,轻客,客车,2.0T 2.7L 2.8T,手动
九龙A6,九龙,,9.98,27.28,,https://www.autohome.com.cn/2576/#pvareaid=6834146,,3.75,轻客,客车,2.0T 2.7L 2.8T ...,手动 固定齿比
九龙C6,九龙,,26.48,28.68,,https://www.autohome.com.cn/4860/#pvareaid=6834146,,,轻客,客车,2.0T 3.0T,手动
卡威EV1,卡威,,26.80,26.80,,https://www.autohome.com.cn/4482/#pvareaid=6834146,,,紧凑型SUV,,109马力,
开瑞K60,开瑞,,5.99,6.69,,https://www.autohome.com.cn/4039/#pvareaid=6834146,,4.88,紧凑型SUV,SUV,1.5T,手动
开瑞K60EV,开瑞,,19.88,20.88,,https://www.autohome.com.cn/4897/#pvareaid=6834146,,4.38,紧凑型SUV,,109马力,
海豚EV,开瑞,,14.48,16.48,,https://www.autohome.com.cn/5432/#pvareaid=6834146,,,微面,,82-102马力,
优优,开瑞,,3.99,6.24,,https://www.autohome.com.cn/2476/#pvareaid=6834146,,,微面,货车,1.2L 1.5L,手动
优优EV,开瑞,,10.98,11.18,,https://www.autohome.com.cn/4477/#pvareaid=6834146,,,微面,,82马力,
优劲,开瑞,,3.99,6.24,,https://www.autohome.com.cn/2496/#pvareaid=6834146,,4.58,微卡,货车,1.5L,手动
优劲EV,开瑞,,10.98,11.58,,https://www.autohome.com.cn/4854/#pvareaid=6834146,,,微卡,,82马力,
优劲T5,开瑞,,3.99,5.54,,https://www.autohome.com.cn/5981/#pvareaid=6834146,,,微卡,货车,1.5L,手动
凯迪拉克CT4,凯迪拉克,,23.97,25.97,,https://www.autohome.com.cn/5593/#pvareaid=6834146,,4.50,中型车,三厢,2.0T,手自一体
凯迪拉克CT5,凯迪拉克,,27.97,34.17,,https://www.autohome.com.cn/5349/#pvareaid=6834146,,4.31,中型车,三厢,2.0T,手自一体
凯迪拉克CT6,凯迪拉克,,37.97,48.97,,https://www.autohome.com.cn/3802/#pvareaid=6834146,,4.47,中大型车,三厢,2.0T,手自一体
凯迪拉克XT4,凯迪拉克,,25.97,39.17,,https://www.autohome.com.cn/4856/#pvareaid=6834146,,4.50,紧凑型SUV,SUV,2.0T,手自一体
凯迪拉克XT5,凯迪拉克,,33.27,47.27,,https://www.autohome.com.cn/3989/#pvareaid=6834146,,4.51,中型SUV,SUV,2.0T,手自一体
凯迪拉克XT6,凯迪拉克,,39.27,55.27,,https://www.autohome.com.cn/5102/#pvareaid=6834146,,4.51,中大型SUV,SUV,2.0T,手自一体
凯翼E5 EV,凯翼,,13.68,14.58,,https://www.autohome.com.cn/5883/#pvareaid=6834146,,,紧凑型车,,163马力,
凯翼X3,凯翼,,6.39,7.59,,https://www.autohome.com.cn/3983/#pvareaid=6834146,,4.55,小型SUV,SUV,1.5L 1.5T,手动 无级
凯翼X5,凯翼,,7.89,9.69,,https://www.autohome.com.cn/4095/#pvareaid=6834146,,4.58,紧凑型SUV,SUV,1.5T,手动
炫界,凯翼,,5.89,8.49,,https://www.autohome.com.cn/5540/#pvareaid=6834146,,4.53,紧凑型SUV,SUV,1.5L,无级 手动
大捷龙PHEV(进口),克莱斯勒,,49.69,49.69,,https://www.autohome.com.cn/4604/#pvareaid=6834146,,4.85,中大型MPV,,3.6L,
LITE,LITE,,11.08,12.68,,https://www.autohome.com.cn/4522/#pvareaid=6834146,,,微型车,,54马力,
Lorinser MAYBACH S级,Lorinser,,218.80,238.80,,https://www.autohome.com.cn/4916/#pvareaid=6834146,,,大型车,三厢,3.0T,手自一体
Lorinser LX,Lorinser,,49.90,69.90,,https://www.autohome.com.cn/6096/#pvareaid=6834146,,,中型MPV,,1.5T,
Lorinser LS560MX,Lorinser,,138.80,158.80,,https://www.autohome.com.cn/5831/#pvareaid=6834146,,,中大型MPV,MPV,2.0T,手自一体
Lorinser MS500L,Lorinser,,88.80,88.80,,https://www.autohome.com.cn/4865/#pvareaid=6834146,,,中大型MPV,MPV,2.0T,手自一体
Lorinser VS系列,Lorinser,,198.80,198.80,,https://www.autohome.com.cn/4464/#pvareaid=6834146,,,中大型MPV,MPV,2.0T,手自一体
Urus,兰博基尼,,294.112,294.112,,https://www.autohome.com.cn/2775/#pvareaid=6834146,,4.13,中大型SUV,SUV,4.0T,手自一体
Huracán,兰博基尼,,254.00,390.00,,https://www.autohome.com.cn/3277/#pvareaid=6834146,,,跑车,软顶敞篷车 硬顶跑车,5.2L,湿式双离合
Aventador,兰博基尼,,613.70,920.4733,,https://www.autohome.com.cn/2277/#pvareaid=6834146,,3.44,跑车,硬顶敞篷车 硬顶跑车,6.5L,ISR
幻影,劳斯莱斯,,790.00,920.00,,https://www.autohome.com.cn/265/#pvareaid=6834146,,,大型车,三厢,6.7T,自动
古思特,劳斯莱斯,,473.00,547.00,,https://www.autohome.com.cn/836/#pvareaid=6834146,,,大型车,三厢,6.7T,自动
库里南,劳斯莱斯,,610.00,780.00,,https://www.autohome.com.cn/3778/#pvareaid=6834146,,,大型SUV,SUV,6.7T,自动
魅影,劳斯莱斯,,505.00,590.00,,https://www.autohome.com.cn/3015/#pvareaid=6834146,,,跑车,硬顶跑车,6.6T,手自一体
曜影,劳斯莱斯,,520.00,620.00,,https://www.autohome.com.cn/3838/#pvareaid=6834146,,,跑车,软顶敞篷车,6.6T,手自一体
雷克萨斯CT,雷克萨斯,,21.50,28.20,,https://www.autohome.com.cn/2063/#pvareaid=6834146,,4.13,紧凑型车,两厢,1.8L,无级
雷克萨斯ES,雷克萨斯,,29.00,48.30,,https://www.autohome.com.cn/403/#pvareaid=6834146,,4.44,中大型车,三厢,2.0L 2.5L,手自一体 无级
雷克萨斯LS,雷克萨斯,,87.80,118.00,,https://www.autohome.com.cn/341/#pvareaid=6834146,,4.41,大型车,三厢,3.5L,E-CVT+自动
雷克萨斯UX,雷克萨斯,,25.90,38.70,,https://www.autohome.com.cn/4197/#pvareaid=6834146,,4.20,紧凑型SUV,SUV,2.0L,无级
雷克萨斯UX新能源,雷克萨斯,,36.20,38.50,,https://www.autohome.com.cn/5534/#pvareaid=6834146,,4.65,紧凑型SUV,,204马力,
雷克萨斯NX,雷克萨斯,,30.22,54.20,,https://www.autohome.com.cn/3442/#pvareaid=6834146,,4.34,中型SUV,SUV,2.0L 2.5L,无级
雷克萨斯RX,雷克萨斯,,40.50,80.10,,https://www.autohome.com.cn/3934/#pvareaid=6834146,,4.31,中大型SUV,SUV,2.0T 3.5L,无级 手自一体
雷克萨斯LM,雷克萨斯,,116.60,146.60,,https://www.autohome.com.cn/5220/#pvareaid=6834146,,,中大型MPV,MPV,2.5L,无级
雷克萨斯LC,雷克萨斯,,115.50,129.80,,https://www.autohome.com.cn/2623/#pvareaid=6834146,,,跑车,硬顶跑车,3.5L,E-CVT+自动
雷诺 e诺,雷诺,,6.18,7.18,,https://www.autohome.com.cn/5118/#pvareaid=6834146,,4.41,小型SUV,,45马力,
冒险家,林肯,,24.68,34.58,,https://www.autohome.com.cn/5385/#pvareaid=6834146,,4.43,紧凑型SUV,SUV,2.0T,手自一体
航海家,林肯,,32.88,47.88,,https://www.autohome.com.cn/5757/#pvareaid=6834146,,4.55,中型SUV,SUV,2.0T 2.7T,自动 手自一体
飞行家,林肯,,50.98,75.98,,https://www.autohome.com.cn/5554/#pvareaid=6834146,,4.50,中大型SUV,SUV,3.0T,手自一体
林肯MKZ,林肯,,25.58,36.98,,https://www.autohome.com.cn/793/#pvareaid=6834146,,4.53,中型车,三厢,2.0L 2.0T,无级 手自一体
林肯大陆,林肯,,36.08,48.58,,https://www.autohome.com.cn/3731/#pvareaid=6834146,,4.56,中大型车,三厢,2.0T,手自一体
飞行家新能源(进口),林肯,,81.88,81.88,,https://www.autohome.com.cn/5045/#pvareaid=6834146,,4.70,中大型SUV,,3.0T,
领航员,林肯,,109.80,129.80,,https://www.autohome.com.cn/95/#pvareaid=6834146,,4.54,大型SUV,SUV,3.5T,手自一体
林肯MKC,林肯,,27.98,37.68,,https://www.autohome.com.cn/2991/#pvareaid=6834146,,4.55,紧凑型SUV,SUV,2.0T,手自一体
航海家(进口),林肯,,40.88,51.88,,https://www.autohome.com.cn/4635/#pvareaid=6834146,,4.54,中型SUV,SUV,2.0T 2.7T,手自一体
零跑T03,零跑汽车,,5.98,7.58,,https://www.autohome.com.cn/5515/#pvareaid=6834146,,4.50,微型车,,75马力,
零跑S01,零跑汽车,,11.99,15.09,,https://www.autohome.com.cn/4677/#pvareaid=6834146,,4.40,小型车,,170马力,
零跑C11,零跑汽车,,15.98,19.98,,https://www.autohome.com.cn/5205/#pvareaid=6834146,,,中型SUV,,272-544马力,
领克02 Hatchback,领克,,17.68,18.18,,https://www.autohome.com.cn/6070/#pvareaid=6834146,,,紧凑型车,两厢,2.0T,手自一体
领克03,领克,,11.38,24.88,,https://www.autohome.com.cn/4402/#pvareaid=6834146,,4.48,紧凑型车,三厢,1.5T 2.0T,湿式双离合 手动 手自一体
领克03新能源,领克,,17.67,19.67,,https://www.autohome.com.cn/5113/#pvareaid=6834146,,4.50,紧凑型车,,1.5T,
领克06,领克,,11.86,14.56,,https://www.autohome.com.cn/5555/#pvareaid=6834146,,4.48,小型SUV,SUV,1.5T,湿式双离合
领克06新能源,领克,,15.86,15.86,,https://www.autohome.com.cn/5557/#pvareaid=6834146,,4.33,小型SUV,,1.5T,
领克01,领克,,17.98,20.18,,https://www.autohome.com.cn/4221/#pvareaid=6834146,,4.46,紧凑型SUV,SUV,2.0T,手自一体
领克01新能源,领克,,22.27,22.27,,https://www.autohome.com.cn/4840/#pvareaid=6834146,,4.06,紧凑型SUV,,1.5T,
领克02,领克,,11.98,16.88,,https://www.autohome.com.cn/4616/#pvareaid=6834146,,4.52,紧凑型SUV,SUV,1.5T 2.0T,手自一体 湿式双离合 手动
领克02新能源,领克,,18.27,19.77,,https://www.autohome.com.cn/5014/#pvareaid=6834146,,4.75,紧凑型SUV,,1.5T,
领克05,领克,,17.58,23.58,,https://www.autohome.com.cn/5194/#pvareaid=6834146,,4.51,紧凑型SUV,SUV跨界车,2.0T,手自一体
领克05新能源,领克,,22.77,22.77,,https://www.autohome.com.cn/6135/#pvareaid=6834146,,,紧凑型SUV,,1.5T,
威途X35,陆地方舟,,19.00,19.00,,https://www.autohome.com.cn/4509/#pvareaid=6834146,,,微面,,57马力,
陆风荣曜,陆风,,8.99,12.59,,https://www.autohome.com.cn/5005/#pvareaid=6834146,,,紧凑型SUV,SUV,1.5T,湿式双离合
发现运动版,路虎,,35.68,45.58,,https://www.autohome.com.cn/5536/#pvareaid=6834146,,4.42,中型SUV,SUV,2.0T,手自一体
发现运动版新能源,路虎,,42.28,42.28,,https://www.autohome.com.cn/5828/#pvareaid=6834146,,,中型SUV,,1.5T,
揽胜极光,路虎,,37.58,50.58,,https://www.autohome.com.cn/3521/#pvareaid=6834146,,4.60,中型SUV,SUV,2.0T,手自一体
揽胜星脉,路虎,,55.80,87.88,,https://www.autohome.com.cn/4316/#pvareaid=6834146,,4.32,中型SUV,SUV,2.0T 3.0T,手自一体
发现,路虎,,68.98,83.78,,https://www.autohome.com.cn/802/#pvareaid=6834146,,4.75,中大型SUV,SUV,2.0T 3.0T,手自一体
揽胜运动版,路虎,,90.80,189.80,,https://www.autohome.com.cn/850/#pvareaid=6834146,,4.49,中大型SUV,SUV,3.0T 5.0T,手自一体
揽胜,路虎,,122.50,321.30,,https://www.autohome.com.cn/69/#pvareaid=6834146,,4.32,中大型SUV,SUV,3.0T 5.0T,手自一体
揽胜新能源,路虎,,132.30,132.30,,https://www.autohome.com.cn/4579/#pvareaid=6834146,,,中大型SUV,,2.0T,
揽胜运动版新能源,路虎,,86.48,86.48,,https://www.autohome.com.cn/4569/#pvareaid=6834146,,,中大型SUV,,2.0T,
路虎卫士,路虎,,72.80,97.80,,https://www.autohome.com.cn/256/#pvareaid=6834146,,4.31,中大型SUV,SUV,3.0T,手自一体
MINI,MINI,,19.88,36.88,,https://www.autohome.com.cn/209/#pvareaid=6834146,,4.60,小型车,两厢 软顶敞篷车,1.5T 2.0T,湿式双离合
MINI CLUBMAN,MINI,,24.58,32.58,,https://www.autohome.com.cn/749/#pvareaid=6834146,,4.59,小型车,两厢,1.5T 2.0T,湿式双离合
MINI COUNTRYMAN,MINI,,24.88,33.98,,https://www.autohome.com.cn/750/#pvareaid=6834146,,4.63,紧凑型SUV,SUV,1.5T 2.0T,手自一体 湿式双离合
马自达3 昂克赛拉,马自达,,11.59,18.99,,https://www.autohome.com.cn/3294/#pvareaid=6834146,,4.56,紧凑型车,三厢,1.5L 2.0L,手动 手自一体
马自达CX-30,马自达,,12.99,19.99,,https://www.autohome.com.cn/5586/#pvareaid=6834146,,4.54,小型SUV,SUV,2.0L,手动 手自一体
马自达CX-5,马自达,,17.98,24.58,,https://www.autohome.com.cn/2987/#pvareaid=6834146,,4.50,紧凑型SUV,SUV,2.0L 2.5L,手自一体
马自达CX-8,马自达,,25.88,33.08,,https://www.autohome.com.cn/4870/#pvareaid=6834146,,4.53,中大型SUV,SUV,2.5L,手自一体
阿特兹,马自达,,17.58,23.98,,https://www.autohome.com.cn/3154/#pvareaid=6834146,,4.54,中型车,三厢,2.0L 2.5L,手自一体
马自达CX-4,马自达,,14.88,21.58,,https://www.autohome.com.cn/3968/#pvareaid=6834146,,4.47,紧凑型SUV,SUV,2.0L 2.5L,手自一体
Ghibli,玛莎拉蒂,,72.92,101.58,,https://www.autohome.com.cn/3060/#pvareaid=6834146,,3.50,中大型车,三厢,2.0T 3.0T,手自一体
总裁,玛莎拉蒂,,141.75,162.05,,https://www.autohome.com.cn/289/#pvareaid=6834146,,,大型车,三厢,3.0T,手自一体
Levante,玛莎拉蒂,,89.98,191.58,,https://www.autohome.com.cn/2428/#pvareaid=6834146,,4.06,中大型SUV,SUV,3.0T 3.8T,手自一体
玛莎拉蒂MC20,玛莎拉蒂,,211.13,211.13,,https://www.autohome.com.cn/5646/#pvareaid=6834146,,,跑车,硬顶跑车,3.0T,湿式双离合
迈凯伦540C,迈凯伦,,220.00,220.00,,https://www.autohome.com.cn/3809/#pvareaid=6834146,,4.25,跑车,硬顶跑车,3.8T,湿式双离合
迈凯伦570,迈凯伦,,243.60,270.80,,https://www.autohome.com.cn/3767/#pvareaid=6834146,,3.75,跑车,硬顶敞篷车 硬顶跑车,3.8T,湿式双离合
迈凯伦600LT,迈凯伦,,292.30,319.50,,https://www.autohome.com.cn/4880/#pvareaid=6834146,,4.00,跑车,硬顶敞篷车 硬顶跑车,3.8T,湿式双离合
迈凯伦720S,迈凯伦,,339.80,378.80,,https://www.autohome.com.cn/4366/#pvareaid=6834146,,3.91,跑车,硬顶敞篷车 硬顶跑车,4.0T,湿式双离合
迈凯伦GT,迈凯伦,,198.80,198.80,,https://www.autohome.com.cn/5305/#pvareaid=6834146,,3.25,跑车,硬顶跑车,4.0T,湿式双离合
名爵5,名爵,,6.79,10.49,,https://www.autohome.com.cn/532/#pvareaid=6834146,,4.51,紧凑型车,三厢,1.5L 1.5T,手动 无级 湿式双离合
名爵6,名爵,,9.38,14.28,,https://www.autohome.com.cn/835/#pvareaid=6834146,,4.53,紧凑型车,掀背,1.5T,手动 湿式双离合
名爵6新能源,名爵,,14.58,17.58,,https://www.autohome.com.cn/4605/#pvareaid=6834146,,4.51,紧凑型车,,1.5T,
名爵EZS纯电动,名爵,,11.98,14.98,,https://www.autohome.com.cn/4948/#pvareaid=6834146,,4.52,小型SUV,,150马力,
名爵ZS,名爵,,7.88,11.28,,https://www.autohome.com.cn/4247/#pvareaid=6834146,,4.52,小型SUV,SUV,1.3T 1.5L,手动 手自一体 无级
MG领航,名爵,,9.98,15.98,,https://www.autohome.com.cn/5903/#pvareaid=6834146,,4.54,紧凑型SUV,SUV,1.5T 2.0T,湿式双离合 手动
MG领航新能源,名爵,,16.68,18.68,,https://www.autohome.com.cn/5965/#pvareaid=6834146,,4.75,紧凑型SUV,,1.5T,
名爵HS,名爵,,10.98,16.98,,https://www.autohome.com.cn/4868/#pvareaid=6834146,,4.51,紧凑型SUV,SUV,1.5T 2.0T,湿式双离合 手动 干式双离合
名爵HS新能源,名爵,,18.98,21.98,,https://www.autohome.com.cn/5311/#pvareaid=6834146,,4.51,紧凑型SUV,,1.5T,
开沃D07创业者,南京金龙,,10.48,10.88,,https://www.autohome.com.cn/4639/#pvareaid=6834146,,,微面,,82马力,
开沃D10,南京金龙,,14.88,17.88,,https://www.autohome.com.cn/4642/#pvareaid=6834146,,,轻客,,136马力,
开沃D11,南京金龙,,24.98,25.98,,https://www.autohome.com.cn/3432/#pvareaid=6834146,,,轻客,,177马力,
讴歌CDX,讴歌,,22.98,34.98,,https://www.autohome.com.cn/4096/#pvareaid=6834146,,4.54,紧凑型SUV,SUV,1.5T 2.0L,湿式双离合 无级
讴歌RDX,讴歌,,32.80,46.00,,https://www.autohome.com.cn/4820/#pvareaid=6834146,,4.55,中型SUV,SUV,2.0T,手自一体
欧拉白猫,欧拉,,7.18,10.68,,https://www.autohome.com.cn/4827/#pvareaid=6834146,,4.53,微型车,,48-61马力,
欧拉黑猫,欧拉,,6.98,10.28,,https://www.autohome.com.cn/4826/#pvareaid=6834146,,4.49,微型车,,48-61马力,
欧拉好猫,欧拉,,10.39,16.09,,https://www.autohome.com.cn/5823/#pvareaid=6834146,,4.54,小型车,,143马力,
欧拉iQ,欧拉,,11.48,15.03,,https://www.autohome.com.cn/4678/#pvareaid=6834146,,4.13,紧凑型车,,163马力,
艾瑞泽5,奇瑞,,4.99,8.58,,https://www.autohome.com.cn/3405/#pvareaid=6834146,,4.38,紧凑型车,三厢,1.5L 1.5T 1.6L,无级 手动
艾瑞泽5 PLUS,奇瑞,,6.99,9.99,,https://www.autohome.com.cn/5959/#pvareaid=6834146,,4.65,紧凑型车,三厢,1.5L 1.5T,无级 手动
艾瑞泽GX,奇瑞,,8.59,12.98,,https://www.autohome.com.cn/4787/#pvareaid=6834146,,4.44,紧凑型车,三厢,1.5L 1.5T,无级
瑞虎3,奇瑞,,5.99,6.69,,https://www.autohome.com.cn/3397/#pvareaid=6834146,,4.55,小型SUV,SUV,1.5L,手动
瑞虎3x,奇瑞,,4.69,6.89,,https://www.autohome.com.cn/4099/#pvareaid=6834146,,4.43,小型SUV,SUV,1.5L,手动 无级
瑞虎5x,奇瑞,,5.99,10.59,,https://www.autohome.com.cn/4531/#pvareaid=6834146,,4.42,小型SUV,SUV,1.5L 1.5T,手动 干式双离合 无级
瑞虎7,奇瑞,,8.39,14.98,,https://www.autohome.com.cn/3766/#pvareaid=6834146,,4.40,紧凑型SUV,SUV,1.5T 1.6T,湿式双离合 手动 无级 干式双离合
瑞虎8,奇瑞,,8.88,15.99,,https://www.autohome.com.cn/4693/#pvareaid=6834146,,4.23,中型SUV,SUV,1.5T 1.6T,干式双离合 手动 湿式双离合
瑞虎8 PLUS,奇瑞,,12.49,15.99,,https://www.autohome.com.cn/5884/#pvareaid=6834146,,4.55,中型SUV,SUV,1.5T 1.6T,湿式双离合 无级
启辰D60,启辰,,6.98,14.08,,https://www.autohome.com.cn/4490/#pvareaid=6834146,,4.56,紧凑型车,三厢,1.6L,无级 手动
启辰D60EV,启辰,,15.005,17.88,,https://www.autohome.com.cn/5183/#pvareaid=6834146,,4.58,紧凑型车,,163马力,
启辰e30,启辰,,7.24,8.54,,https://www.autohome.com.cn/5225/#pvareaid=6834146,,4.75,小型SUV,,45马力,
启辰T60,启辰,,8.68,11.28,,https://www.autohome.com.cn/4887/#pvareaid=6834146,,4.59,小型SUV,SUV,1.6L,无级 手动
启辰T60EV,启辰,,16.38,18.18,,https://www.autohome.com.cn/5224/#pvareaid=6834146,,4.48,小型SUV,,163马力,
启辰T70,启辰,,10.98,12.78,,https://www.autohome.com.cn/3618/#pvareaid=6834146,,4.53,紧凑型SUV,SUV,2.0L,无级
启辰星,启辰,,10.96,14.96,,https://www.autohome.com.cn/5519/#pvareaid=6834146,,4.57,紧凑型SUV,SUV,1.5T,手动 干式双离合
启辰T90,启辰,,11.88,15.48,,https://www.autohome.com.cn/4115/#pvareaid=6834146,,4.59,中型SUV,SUV跨界车,1.5T,干式双离合
焕驰,起亚,,6.49,6.89,,https://www.autohome.com.cn/4387/#pvareaid=6834146,,3.50,小型车,三厢,1.4L,自动
福瑞迪,起亚,,7.88,10.28,,https://www.autohome.com.cn/813/#pvareaid=6834146,,4.09,紧凑型车,三厢,1.6L,手自一体 手动
起亚K3,起亚,,10.98,13.18,,https://www.autohome.com.cn/2886/#pvareaid=6834146,,4.47,紧凑型车,三厢,1.4T 1.5L,干式双离合 无级
起亚K3新能源,起亚,,16.68,20.68,,https://www.autohome.com.cn/5188/#pvareaid=6834146,,4.88,紧凑型车,,61-184马力,
K5凯酷,起亚,,16.18,20.58,,https://www.autohome.com.cn/2246/#pvareaid=6834146,,4.50,中型车,三厢,1.5T 2.0T,干式双离合 手自一体
起亚K5新能源,起亚,,22.28,23.98,,https://www.autohome.com.cn/4834/#pvareaid=6834146,,4.50,中型车,,2.0L,
KX3傲跑,起亚,,10.88,13.68,,https://www.autohome.com.cn/3664/#pvareaid=6834146,,4.51,小型SUV,SUV,1.5L,无级
起亚KX3新能源,起亚,,23.98,23.98,,https://www.autohome.com.cn/4973/#pvareaid=6834146,,,小型SUV,,111马力,
奕跑,起亚,,6.98,8.38,,https://www.autohome.com.cn/4824/#pvareaid=6834146,,4.25,小型SUV,SUV,1.4L,无级 手动
起亚KX5,起亚,,15.48,19.18,,https://www.autohome.com.cn/3954/#pvareaid=6834146,,4.43,紧凑型SUV,SUV,1.6T 2.0L,干式双离合 手自一体
智跑,起亚,,11.99,14.89,,https://www.autohome.com.cn/2137/#pvareaid=6834146,,4.51,紧凑型SUV,SUV,1.4T 2.0L,干式双离合 手自一体 手动
起亚KX7,起亚,,21.48,27.68,,https://www.autohome.com.cn/4200/#pvareaid=6834146,,4.63,中型SUV,SUV,2.0T,手自一体
凯绅,起亚,,13.03,14.98,,https://www.autohome.com.cn/4523/#pvareaid=6834146,,4.75,中型车,三厢,1.6T 1.8L,手自一体 干式双离合
TAGA达咖,庆铃汽车,,9.98,13.68,,https://www.autohome.com.cn/4656/#pvareaid=6834146,,4.00,皮卡,皮卡,1.8T 3.0T,手动
TAGA达咖H,庆铃汽车,,10.427,14.15,,https://www.autohome.com.cn/6022/#pvareaid=6834146,,,皮卡,皮卡,1.8T 3.0T,手动
途达,日产,,16.98,24.83,,https://www.autohome.com.cn/4691/#pvareaid=6834146,,4.55,中型SUV,SUV,2.5L,手自一体 手动
纳瓦拉,日产,,14.28,19.98,,https://www.autohome.com.cn/4307/#pvareaid=6834146,,4.47,皮卡,皮卡,2.5L,自动 手动
科莱威CLEVER,荣威,,4.4999,4.8999,,https://www.autohome.com.cn/5282/#pvareaid=6834146,,4.48,微型车,,50马力,
荣威Ei5,荣威,,12.88,16.11,,https://www.autohome.com.cn/4554/#pvareaid=6834146,,4.51,紧凑型车,,116-184马力,
荣威ei6 MAX,荣威,,13.68,18.88,,https://www.autohome.com.cn/5801/#pvareaid=6834146,,4.53,紧凑型车,,1.5T,
荣威i5,荣威,,6.79,8.99,,https://www.autohome.com.cn/4869/#pvareaid=6834146,,4.51,紧凑型车,三厢,1.5L,手动 无级
荣威i6,荣威,,8.98,11.28,,https://www.autohome.com.cn/4246/#pvareaid=6834146,,4.49,紧凑型车,三厢,1.6L,手动 无级
荣威i6 MAX,荣威,,10.98,12.58,,https://www.autohome.com.cn/5799/#pvareaid=6834146,,4.52,紧凑型车,三厢,1.5T,湿式双离合
荣威RX3,荣威,,6.98,9.68,,https://www.autohome.com.cn/4473/#pvareaid=6834146,,4.49,小型SUV,SUV,1.6L,无级 手动
荣威RX5,荣威,,9.98,13.98,,https://www.autohome.com.cn/4080/#pvareaid=6834146,,4.54,紧凑型SUV,SUV,1.5T,手动 干式双离合 湿式双离合
荣威RX5 eMAX,荣威,,19.58,23.58,,https://www.autohome.com.cn/5375/#pvareaid=6834146,,4.48,紧凑型SUV,,1.5T,
荣威RX5 MAX,荣威,,11.88,16.98,,https://www.autohome.com.cn/5226/#pvareaid=6834146,,4.55,紧凑型SUV,SUV,1.5T 2.0T,手自一体 湿式双离合 手动
荣威RX5新能源,荣威,,15.58,16.58,,https://www.autohome.com.cn/4240/#pvareaid=6834146,,4.27,紧凑型SUV,,1.5T,
荣威MARVEL X,荣威,,26.88,30.88,,https://www.autohome.com.cn/4653/#pvareaid=6834146,,4.54,中型SUV,,186-302马力,
荣威RX8,荣威,,16.88,22.88,,https://www.autohome.com.cn/4665/#pvareaid=6834146,,4.50,中大型SUV,SUV,2.0T,手自一体
荣威iMAX8,荣威,,18.88,25.38,,https://www.autohome.com.cn/5753/#pvareaid=6834146,,4.52,中大型MPV,MPV,2.0T,手自一体
迈乔,容大智造,,8.98,10.80,,https://www.autohome.com.cn/5442/#pvareaid=6834146,,,微卡,,33马力,
迈图,容大智造,,6.90,8.90,,https://www.autohome.com.cn/4878/#pvareaid=6834146,,,微卡,,48马力,
瑞驰新能源EC35,瑞驰新能源,,11.18,11.68,,https://www.autohome.com.cn/4479/#pvareaid=6834146,,,微面,,82马力,
瑞驰新能源EK07S,瑞驰新能源,,8.88,8.88,,https://www.autohome.com.cn/5859/#pvareaid=6834146,,,微面,,61马力,
瑞驰新能源EC31,瑞驰新能源,,10.98,11.18,,https://www.autohome.com.cn/5004/#pvareaid=6834146,,,微卡,,82马力,
瑞驰新能源EK01S,瑞驰新能源,,9.08,9.28,,https://www.autohome.com.cn/6274/#pvareaid=6834146,,,微卡,,61马力,
SWM斯威G01,SWM斯威汽车,,7.99,12.59,,https://www.autohome.com.cn/4684/#pvareaid=6834146,,4.57,紧凑型SUV,SUV,1.5T 2.0L,手自一体 手动
SWM斯威X3,SWM斯威汽车,,5.50,6.69,,https://www.autohome.com.cn/4336/#pvareaid=6834146,,4.54,紧凑型SUV,SUV,1.5L,手动
钢铁侠,SWM斯威汽车,,9.59,12.59,,https://www.autohome.com.cn/6127/#pvareaid=6834146,,4.54,紧凑型SUV,SUV,1.5T,手动 手自一体
SWM斯威G05,SWM斯威汽车,,6.99,11.99,,https://www.autohome.com.cn/5101/#pvareaid=6834146,,4.52,中型SUV,SUV,1.5T 2.0L,手自一体 手动
SWM斯威X7,SWM斯威汽车,,6.39,10.59,,https://www.autohome.com.cn/4151/#pvareaid=6834146,,4.32,中型SUV,SUV,1.5T 2.0L,手动 手自一体
SWM斯威X2,SWM斯威汽车,,4.99,5.29,,https://www.autohome.com.cn/5098/#pvareaid=6834146,,4.54,紧凑型MPV,MPV,1.5L,手动
劲炫ASX,三菱,,9.98,13.98,,https://www.autohome.com.cn/2768/#pvareaid=6834146,,4.55,紧凑型SUV,SUV,1.6L 2.0L,无级 手动
欧蓝德,三菱,,15.98,22.58,,https://www.autohome.com.cn/4147/#pvareaid=6834146,,4.55,紧凑型SUV,SUV,2.0L 2.4L,无级
奕歌,三菱,,12.98,18.58,,https://www.autohome.com.cn/4807/#pvareaid=6834146,,4.55,紧凑型SUV,SUV,1.5T,无级 手动
上汽大通MAXUS D60,上汽大通,,9.38,16.78,,https://www.autohome.com.cn/5083/#pvareaid=6834146,,4.52,中型SUV,SUV,1.3T 1.5T,干式双离合 手动
上汽大通MAXUS EUNIQ 6,上汽大通,,15.98,23.50,,https://www.autohome.com.cn/5243/#pvareaid=6834146,,,中型SUV,,82-177马力,
上汽大通MAXUS D90 Pro,上汽大通,,17.98,27.68,,https://www.autohome.com.cn/5727/#pvareaid=6834146,,4.57,中大型SUV,SUV,2.0T,手自一体
上汽大通MAXUS EUNIQ 5,上汽大通,,16.58,23.03,,https://www.autohome.com.cn/5120/#pvareaid=6834146,,,紧凑型MPV,,82-177马力,
上汽大通MAXUS G50,上汽大通,,8.68,16.70,,https://www.autohome.com.cn/4686/#pvareaid=6834146,,4.55,紧凑型MPV,MPV,1.3T 1.5T,干式双离合 手动
上汽大通MAXUS EG10,上汽大通,,29.93,41.68,,https://www.autohome.com.cn/4338/#pvareaid=6834146,,,中大型MPV,,204马力,
上汽大通MAXUS EUNIQ 7,上汽大通,,29.98,39.98,,https://www.autohome.com.cn/5751/#pvareaid=6834146,,,中大型MPV,,,
上汽大通MAXUS G10,上汽大通,,13.98,19.08,,https://www.autohome.com.cn/3064/#pvareaid=6834146,,4.53,中大型MPV,MPV,2.0T,手自一体 手动
上汽大通MAXUS G20,上汽大通,,18.68,28.98,,https://www.autohome.com.cn/5244/#pvareaid=6834146,,4.56,中大型MPV,MPV,2.0T,手自一体
上汽大通MAXUS RG20,上汽大通,,26.98,30.98,,https://www.autohome.com.cn/5913/#pvareaid=6834146,,3.00,中大型MPV,MPV,2.0T,手自一体
上汽大通MAXUS EV30,上汽大通,,12.87,18.17,,https://www.autohome.com.cn/5077/#pvareaid=6834146,,,微面,,95马力,
上汽大通MAXUS EV90,上汽大通,,21.90,33.90,,https://www.autohome.com.cn/5882/#pvareaid=6834146,,,轻客,,204马力,
上汽大通MAXUS RV80,上汽大通,,31.68,38.58,,https://www.autohome.com.cn/5391/#pvareaid=6834146,,,轻客,客车,2.0T,AMT
上汽大通MAXUS RV90,上汽大通,,36.98,268.00,,https://www.autohome.com.cn/5930/#pvareaid=6834146,,,轻客,客车,2.0T,自动
上汽大通MAXUS V80,上汽大通,,10.28,24.56,,https://www.autohome.com.cn/2608/#pvareaid=6834146,,4.47,轻客,客车 货车,2.0T 2.5T,AMT 手动
上汽大通MAXUS V80新能源,上汽大通,,23.87,130.00,,https://www.autohome.com.cn/5494/#pvareaid=6834146,,,轻客,,136-150马力,
上汽大通MAXUS V90,上汽大通,,14.78,24.96,,https://www.autohome.com.cn/5192/#pvareaid=6834146,,4.49,轻客,客车 货车,2.0T,手动 自动 AMT
上汽大通MAXUS T60,上汽大通,,9.98,13.98,,https://www.autohome.com.cn/4241/#pvareaid=6834146,,4.60,皮卡,皮卡,2.0T,自动 手动
上汽大通MAXUS T70,上汽大通,,8.98,19.38,,https://www.autohome.com.cn/5258/#pvareaid=6834146,,4.52,皮卡,皮卡,2.0T 2.4L,自动 手动
上汽大通MAXUS T90,上汽大通,,12.98,21.98,,https://www.autohome.com.cn/5834/#pvareaid=6834146,,4.53,皮卡,皮卡,2.0T,自动 手动
上汽大通MAXUS T90新能源,上汽大通,,29.98,29.98,,https://www.autohome.com.cn/6092/#pvareaid=6834146,,,皮卡,,177马力,
东风本田M-NV,思铭,,14.98,15.98,,https://www.autohome.com.cn/5787/#pvareaid=6834146,,4.79,小型SUV,,163马力,
东风本田X-NV,思铭,,16.98,17.98,,https://www.autohome.com.cn/5267/#pvareaid=6834146,,4.25,小型SUV,,163马力,
力狮,斯巴鲁,,20.48,24.78,,https://www.autohome.com.cn/287/#pvareaid=6834146,,4.10,中型车,三厢,2.5L,无级
斯巴鲁XV,斯巴鲁,,19.18,23.38,,https://www.autohome.com.cn/2417/#pvareaid=6834146,,4.19,紧凑型SUV,SUV,2.0L,无级
森林人,斯巴鲁,,22.38,28.58,,https://www.autohome.com.cn/285/#pvareaid=6834146,,4.38,紧凑型SUV,SUV,2.0L,无级
傲虎,斯巴鲁,,31.28,33.08,,https://www.autohome.com.cn/286/#pvareaid=6834146,,4.13,中型SUV,SUV跨界车,2.5L,无级
明锐,斯柯达,,9.99,16.14,,https://www.autohome.com.cn/519/#pvareaid=6834146,,4.35,紧凑型车,掀背 旅行版,1.2T 1.4T 1.5L,手动 手自一体 干式双离合
昕动,斯柯达,,7.79,10.99,,https://www.autohome.com.cn/3290/#pvareaid=6834146,,4.47,紧凑型车,两厢,1.5L,手动 自动
昕锐,斯柯达,,7.79,9.99,,https://www.autohome.com.cn/2962/#pvareaid=6834146,,4.45,紧凑型车,三厢,1.5L,自动 手动
速派,斯柯达,,15.49,22.99,,https://www.autohome.com.cn/3171/#pvareaid=6834146,,4.44,中型车,掀背,1.4T 2.0T,干式双离合 湿式双离合
柯米克,斯柯达,,8.99,12.59,,https://www.autohome.com.cn/4690/#pvareaid=6834146,,4.25,小型SUV,SUV,1.2T 1.5L,干式双离合 手自一体 手动
柯珞克,斯柯达,,12.99,15.99,,https://www.autohome.com.cn/4453/#pvareaid=6834146,,4.19,紧凑型SUV,SUV,1.4T,干式双离合
柯迪亚克,斯柯达,,17.79,24.79,,https://www.autohome.com.cn/4217/#pvareaid=6834146,,4.52,中型SUV,SUV,2.0T,湿式双离合
柯迪亚克GT,斯柯达,,17.99,24.79,,https://www.autohome.com.cn/4986/#pvareaid=6834146,,4.41,中型SUV,SUV跨界车,2.0T,湿式双离合
Model 3,特斯拉,,26.674,33.99,,https://www.autohome.com.cn/5346/#pvareaid=6834146,,4.41,中型车,,275-486马力,
Model Y,特斯拉,,29.184,37.79,,https://www.autohome.com.cn/5769/#pvareaid=6834146,,,中型SUV,,299-486马力,
Model S,特斯拉,,79.999,105.999,,https://www.autohome.com.cn/2357/#pvareaid=6834146,,,中大型车,,670-1020马力,
Model X,特斯拉,,77.29,99.999,,https://www.autohome.com.cn/2664/#pvareaid=6834146,,,中大型SUV,,537-1020马力,
腾势X,腾势,,28.98,35.78,,https://www.autohome.com.cn/5323/#pvareaid=6834146,,4.56,中型SUV,,245-490马力,
WEY VV5,WEY,,12.58,14.78,,https://www.autohome.com.cn/4253/#pvareaid=6834146,,4.51,紧凑型SUV,SUV,1.5T 2.0T,湿式双离合
WEY VV6,WEY,,14.80,17.50,,https://www.autohome.com.cn/4631/#pvareaid=6834146,,4.50,紧凑型SUV,SUV,2.0T,湿式双离合
WEY VV7,WEY,,16.98,19.28,,https://www.autohome.com.cn/4252/#pvareaid=6834146,,4.58,中型SUV,SUV,2.0T,湿式双离合
WEY VV7 GT,WEY,,19.18,25.88,,https://www.autohome.com.cn/5415/#pvareaid=6834146,,4.50,中型SUV,SUV跨界车,2.0T,湿式双离合
WEY VV7 GT新能源,WEY,,25.68,25.68,,https://www.autohome.com.cn/5416/#pvareaid=6834146,,4.61,中型SUV,,2.0T,
WEY VV7新能源,WEY,,21.98,23.98,,https://www.autohome.com.cn/5310/#pvareaid=6834146,,4.49,中型SUV,,2.0T,
摩卡,WEY,,17.58,21.88,,https://www.autohome.com.cn/6010/#pvareaid=6834146,,4.52,中型SUV,SUV,2.0T,湿式双离合
威麟H6,威麟,,22.68,24.68,,https://www.autohome.com.cn/4796/#pvareaid=6834146,,,轻客,客车,2.7L 2.8T,手动
威马EX5,威马汽车,,14.68,19.88,,https://www.autohome.com.cn/4652/#pvareaid=6834146,,4.40,紧凑型SUV,,218马力,
威马EX6,威马汽车,,23.99,27.99,,https://www.autohome.com.cn/4819/#pvareaid=6834146,,4.55,中型SUV,,218马力,
威马W6,威马汽车,,16.98,25.98,,https://www.autohome.com.cn/5237/#pvareaid=6834146,,4.63,中型SUV,,218马力,
蔚来ET7,蔚来,,44.80,52.60,,https://www.autohome.com.cn/5264/#pvareaid=6834146,,,中大型车,,653马力,
蔚来EC6,蔚来,,36.80,52.60,,https://www.autohome.com.cn/5569/#pvareaid=6834146,,4.58,中型SUV,,435-544马力,
蔚来ES6,蔚来,,35.80,52.60,,https://www.autohome.com.cn/4881/#pvareaid=6834146,,4.55,中型SUV,,435-544马力,
蔚来ES8,蔚来,,46.80,62.40,,https://www.autohome.com.cn/4427/#pvareaid=6834146,,4.56,中大型SUV,,544马力,
沃尔沃S60,沃尔沃,,28.69,38.49,,https://www.autohome.com.cn/3158/#pvareaid=6834146,,4.53,中型车,三厢,2.0T,手自一体
沃尔沃S60新能源,沃尔沃,,39.99,46.19,,https://www.autohome.com.cn/4335/#pvareaid=6834146,,4.58,中型车,,2.0T,
沃尔沃S90,沃尔沃,,40.69,50.59,,https://www.autohome.com.cn/4206/#pvareaid=6834146,,4.53,中大型车,三厢,2.0T,手自一体
沃尔沃S90新能源,沃尔沃,,49.99,61.39,,https://www.autohome.com.cn/4864/#pvareaid=6834146,,4.60,中大型车,,2.0T,
沃尔沃XC40,沃尔沃,,26.48,38.58,,https://www.autohome.com.cn/5198/#pvareaid=6834146,,4.56,紧凑型SUV,SUV,1.5T 2.0T,手自一体
沃尔沃XC40新能源,沃尔沃,,29.90,29.90,,https://www.autohome.com.cn/5904/#pvareaid=6834146,,4.72,紧凑型SUV,,408马力,
沃尔沃XC60,沃尔沃,,36.29,47.49,,https://www.autohome.com.cn/3411/#pvareaid=6834146,,4.56,中型SUV,SUV,2.0T,手自一体 自动
沃尔沃XC60新能源,沃尔沃,,52.79,60.59,,https://www.autohome.com.cn/4609/#pvareaid=6834146,,4.56,中型SUV,,2.0T,
沃尔沃V60,沃尔沃,,30.43,39.58,,https://www.autohome.com.cn/2190/#pvareaid=6834146,,4.53,中型车,旅行版,2.0T,自动
沃尔沃V90,沃尔沃,,44.79,55.69,,https://www.autohome.com.cn/4029/#pvareaid=6834146,,4.55,中大型车,旅行跨界车,2.0T,手自一体
沃尔沃XC90,沃尔沃,,63.89,78.19,,https://www.autohome.com.cn/177/#pvareaid=6834146,,4.54,中大型SUV,SUV,2.0T,手自一体
沃尔沃XC90新能源,沃尔沃,,89.49,89.49,,https://www.autohome.com.cn/4337/#pvareaid=6834146,,4.75,中大型SUV,,2.0T,
宏光MINIEV,五菱汽车,,2.88,4.36,,https://www.autohome.com.cn/5714/#pvareaid=6834146,,4.38,微型车,,27马力,
五菱宏光S3,五菱汽车,,5.98,8.28,,https://www.autohome.com.cn/4408/#pvareaid=6834146,,3.97,中型SUV,SUV,1.5L 1.5T,手动
五菱730,五菱汽车,,7.08,7.10,,https://www.autohome.com.cn/5353/#pvareaid=6834146,,,紧凑型MPV,MPV,1.5L,手动
五菱宏光PLUS,五菱汽车,,5.88,7.98,,https://www.autohome.com.cn/5450/#pvareaid=6834146,,4.53,紧凑型MPV,MPV,1.5L 1.5T,手动
五菱凯捷,五菱汽车,,8.58,13.48,,https://www.autohome.com.cn/5772/#pvareaid=6834146,,4.51,紧凑型MPV,MPV,1.5T,手动 无级
五菱宏光,五菱汽车,,4.58,5.98,,https://www.autohome.com.cn/2139/#pvareaid=6834146,,4.35,微面,客车 货车,1.2L 1.5L,手动
五菱宏光V,五菱汽车,,4.29,5.58,,https://www.autohome.com.cn/5174/#pvareaid=6834146,,4.52,微面,客车 货车,1.2L 1.5L,手动
五菱荣光,五菱汽车,,5.09,5.755,,https://www.autohome.com.cn/2451/#pvareaid=6834146,,,微面,客车 货车,1.5L,手动
五菱荣光EV,五菱汽车,,8.38,9.01,,https://www.autohome.com.cn/5715/#pvareaid=6834146,,3.94,微面,,82马力,
五菱荣光S,五菱汽车,,4.07,4.755,,https://www.autohome.com.cn/6218/#pvareaid=6834146,,,微面,客车 货车,1.2L,手动
五菱荣光V,五菱汽车,,4.48,4.98,,https://www.autohome.com.cn/3657/#pvareaid=6834146,,2.88,微面,客车 货车,1.5L,手动
五菱之光,五菱汽车,,3.23,3.66,,https://www.autohome.com.cn/2456/#pvareaid=6834146,,3.63,微面,客车 货车,1.2L,手动
五菱荣光小卡,五菱汽车,,3.96,5.045,,https://www.autohome.com.cn/2855/#pvareaid=6834146,,4.50,微卡,货车,1.2L 1.5L,手动
五菱荣光新卡,五菱汽车,,4.98,6.28,,https://www.autohome.com.cn/4884/#pvareaid=6834146,,4.43,微卡,货车,1.5L 1.8L,手动
五菱之光小卡,五菱汽车,,3.49,3.79,,https://www.autohome.com.cn/3946/#pvareaid=6834146,,3.75,微卡,货车,1.2L,手动
五菱征途,五菱汽车,,5.88,6.28,,https://www.autohome.com.cn/5881/#pvareaid=6834146,,4.45,皮卡,皮卡,1.5L,手动
五菱EV50,五菱汽车,,10.80,11.98,,https://www.autohome.com.cn/5708/#pvareaid=6834146,,4.63,微面,,82马力,
五菱电卡,五菱汽车,,11.58,13.88,,https://www.autohome.com.cn/6204/#pvareaid=6834146,,,微卡,,82马力,
五菱荣光小卡翼开启,五菱汽车,,5.58,5.88,,https://www.autohome.com.cn/5774/#pvareaid=6834146,,,微卡,货车,1.5L,手动
五菱荣光新卡翼开启,五菱汽车,,6.78,6.98,,https://www.autohome.com.cn/5775/#pvareaid=6834146,,,微卡,货车,1.8L,手动
mu-X牧游侠,五十铃,,18.18,25.38,,https://www.autohome.com.cn/3576/#pvareaid=6834146,,4.40,中型SUV,SUV,1.9T,手自一体
D-MAX,五十铃,,13.98,21.78,,https://www.autohome.com.cn/3562/#pvareaid=6834146,,4.48,皮卡,皮卡,1.9T,手动 自动
铃拓,五十铃,,11.18,15.08,,https://www.autohome.com.cn/4775/#pvareaid=6834146,,4.54,皮卡,皮卡,2.5T,自动 手动
瑞迈,五十铃,,8.38,13.58,,https://www.autohome.com.cn/3935/#pvareaid=6834146,,4.54,皮卡,皮卡,2.4T 2.5T 2.8T,手动
瑞纳,现代,,4.99,7.39,,https://www.autohome.com.cn/2115/#pvareaid=6834146,,4.15,小型车,三厢,1.4L,自动 手动
悦纳,现代,,7.28,9.68,,https://www.autohome.com.cn/4107/#pvareaid=6834146,,4.43,小型车,三厢,1.4L,无级 手动
悦动,现代,,8.49,11.59,,https://www.autohome.com.cn/586/#pvareaid=6834146,,4.05,紧凑型车,三厢,1.6L,手动 手自一体
菲斯塔,现代,,13.38,15.48,,https://www.autohome.com.cn/4817/#pvareaid=6834146,,3.88,紧凑型车,三厢,1.6T,干式双离合
菲斯塔纯电动,现代,,17.38,19.88,,https://www.autohome.com.cn/5370/#pvareaid=6834146,,4.48,紧凑型车,,184马力,
领动插电混动,现代,,15.78,17.88,,https://www.autohome.com.cn/5076/#pvareaid=6834146,,4.15,紧凑型车,,1.6L,
伊兰特,现代,,9.98,14.18,,https://www.autohome.com.cn/51/#pvareaid=6834146,,4.57,紧凑型车,三厢,1.4T 1.5L,干式双离合 无级
名图,现代,,13.38,16.88,,https://www.autohome.com.cn/3073/#pvareaid=6834146,,,中型车,三厢,1.5T 1.8L,干式双离合 无级
名图新能源,现代,,17.88,20.38,,https://www.autohome.com.cn/5915/#pvareaid=6834146,,,中型车,,184马力,
索纳塔,现代,,16.18,20.58,,https://www.autohome.com.cn/2649/#pvareaid=6834146,,4.41,中型车,三厢,1.5T 2.0T,干式双离合 手自一体
索纳塔插电混动,现代,,22.28,25.68,,https://www.autohome.com.cn/4654/#pvareaid=6834146,,4.52,中型车,,2.0L,
ENCINO 昂希诺,现代,,12.99,15.59,,https://www.autohome.com.cn/4615/#pvareaid=6834146,,4.31,小型SUV,SUV,1.6T,干式双离合
昂希诺纯电动,现代,,17.28,19.88,,https://www.autohome.com.cn/5111/#pvareaid=6834146,,4.22,小型SUV,,204马力,
北京现代ix25,现代,,10.58,13.68,,https://www.autohome.com.cn/3292/#pvareaid=6834146,,4.61,小型SUV,SUV,1.5L,手动 无级
途胜,现代,,16.18,20.18,,https://www.autohome.com.cn/358/#pvareaid=6834146,,4.55,紧凑型SUV,SUV,1.5T,干式双离合
北京现代ix35,现代,,12.98,15.58,,https://www.autohome.com.cn/1007/#pvareaid=6834146,,4.13,紧凑型SUV,SUV,1.4T 2.0L,自动 干式双离合
胜达,现代,,20.28,27.28,,https://www.autohome.com.cn/2927/#pvareaid=6834146,,4.56,中型SUV,SUV,2.0T,手自一体
帕里斯帝,现代,,29.88,32.98,,https://www.autohome.com.cn/5003/#pvareaid=6834146,,4.56,中大型SUV,SUV,3.5L,手自一体
小鹏汽车P7,小鹏汽车,,22.99,40.99,,https://www.autohome.com.cn/5213/#pvareaid=6834146,,4.44,中型车,,267-430马力,
小鹏汽车G3,小鹏汽车,,14.98,19.98,,https://www.autohome.com.cn/4489/#pvareaid=6834146,,4.50,紧凑型SUV,,197马力,
SITECH DEV 1,新特汽车,,14.79,15.59,,https://www.autohome.com.cn/4781/#pvareaid=6834146,,4.41,微型车,,75马力,
启能GEV 1,新特汽车,,14.79,15.59,,https://www.autohome.com.cn/5750/#pvareaid=6834146,,,微型车,,75马力,
鑫源X30,鑫源,,4.48,4.98,,https://www.autohome.com.cn/6283/#pvareaid=6834146,,,微面,客车 货车,1.5L,手动
鑫源X30L,鑫源,,5.68,6.38,,https://www.autohome.com.cn/4758/#pvareaid=6834146,,4.77,微面,客车 货车,1.5L,手动
鑫卡S50,鑫源,,4.98,4.98,,https://www.autohome.com.cn/6031/#pvareaid=6834146,,,微卡,货车,1.6L,手动
鑫卡S52,鑫源,,5.28,5.28,,https://www.autohome.com.cn/6032/#pvareaid=6834146,,,微卡,货车,1.6L,手动
鑫卡T50 PLUS,鑫源,,5.88,6.58,,https://www.autohome.com.cn/5989/#pvareaid=6834146,,,微卡,货车,2.0L,手动
鑫卡T52 PLUS,鑫源,,6.18,6.68,,https://www.autohome.com.cn/6020/#pvareaid=6834146,,,微卡,货车,2.0L,手动
鑫源T30S,鑫源,,4.98,4.98,,https://www.autohome.com.cn/5108/#pvareaid=6834146,,,微卡,货车,1.5L,手动
鑫源T32S,鑫源,,5.28,5.28,,https://www.autohome.com.cn/5186/#pvareaid=6834146,,,微卡,货车,1.5L,手动
海狮EV,鑫源,,12.68,12.88,,https://www.autohome.com.cn/4567/#pvareaid=6834146,,,微面,,82马力,
好运1号,鑫源,,12.68,12.88,,https://www.autohome.com.cn/4566/#pvareaid=6834146,,,微面,,82马力,
鑫源T50EV,鑫源,,15.28,17.18,,https://www.autohome.com.cn/5525/#pvareaid=6834146,,,微卡,,98马力,
畅巡,雪佛兰,,15.99,17.99,,https://www.autohome.com.cn/5396/#pvareaid=6834146,,4.53,紧凑型车,,150马力,
科鲁泽,雪佛兰,,8.99,12.29,,https://www.autohome.com.cn/5008/#pvareaid=6834146,,4.56,紧凑型车,三厢,1.0T 1.3T 1.5L,湿式双离合 手自一体 手动
科沃兹,雪佛兰,,7.99,9.99,,https://www.autohome.com.cn/4105/#pvareaid=6834146,,4.49,紧凑型车,三厢,1.0T 1.3L,手自一体 手动
沃兰多,雪佛兰,,13.69,15.99,,https://www.autohome.com.cn/4882/#pvareaid=6834146,,4.44,紧凑型车,两厢,1.3T,手自一体
迈锐宝XL,雪佛兰,,16.49,21.99,,https://www.autohome.com.cn/4031/#pvareaid=6834146,,4.54,中型车,三厢,1.5T 2.0T,手自一体
创酷,雪佛兰,,9.99,13.99,,https://www.autohome.com.cn/3335/#pvareaid=6834146,,4.59,小型SUV,SUV,1.0T 1.3T,无级 手动 手自一体
创界,雪佛兰,,13.99,17.99,,https://www.autohome.com.cn/5199/#pvareaid=6834146,,4.58,紧凑型SUV,SUV,1.3T,手自一体 无级
探界者,雪佛兰,,16.99,23.99,,https://www.autohome.com.cn/4235/#pvareaid=6834146,,4.55,中型SUV,SUV,1.5T 2.0T,手自一体
开拓者,雪佛兰,,22.99,32.99,,https://www.autohome.com.cn/5476/#pvareaid=6834146,,4.56,中大型SUV,SUV,2.0T,手自一体
雪铁龙C3L,雪铁龙,,8.49,10.59,,https://www.autohome.com.cn/5553/#pvareaid=6834146,,,紧凑型车,三厢,1.2T,湿式双离合 手动
雪铁龙C6,雪铁龙,,18.99,27.59,,https://www.autohome.com.cn/4043/#pvareaid=6834146,,4.57,中型车,三厢,1.6T 1.8T,手自一体
雪铁龙C3-XR,雪铁龙,,10.89,11.89,,https://www.autohome.com.cn/3429/#pvareaid=6834146,,4.52,小型SUV,SUV,1.2T,湿式双离合
云逸 C4 AIRCROSS,雪铁龙,,12.68,13.68,,https://www.autohome.com.cn/4685/#pvareaid=6834146,,4.75,小型SUV,SUV,1.2T,湿式双离合
天逸 C5 AIRCROSS,雪铁龙,,15.97,22.97,,https://www.autohome.com.cn/4370/#pvareaid=6834146,,4.55,紧凑型SUV,SUV,1.6T 1.8T,手自一体
天逸 C5 AIRCROSS新能源,雪铁龙,,23.47,26.47,,https://www.autohome.com.cn/5731/#pvareaid=6834146,,4.45,紧凑型SUV,,1.6T,
博骏,野马汽车,,4.99,12.99,,https://www.autohome.com.cn/4434/#pvareaid=6834146,,4.37,小型SUV,SUV,1.5L 1.5T,手动 无级
斯派卡,野马汽车,,4.99,7.99,,https://www.autohome.com.cn/4425/#pvareaid=6834146,,4.53,紧凑型MPV,MPV,1.5L,无级 手动
斯派卡新能源,野马汽车,,14.99,16.99,,https://www.autohome.com.cn/5644/#pvareaid=6834146,,,紧凑型MPV,,95马力,
一汽蓝舰H6,一汽,,9.68,12.98,,https://www.autohome.com.cn/4855/#pvareaid=6834146,,,皮卡,皮卡,2.5T,手动
森雅R8,一汽,,7.49,8.99,,https://www.autohome.com.cn/5195/#pvareaid=6834146,,,小型SUV,SUV,1.6L,手动 手自一体
佳宝V80新能源,一汽,,11.98,13.68,,https://www.autohome.com.cn/5051/#pvareaid=6834146,,,微面,,75-82马力,
依维柯Ouba,依维柯,,28.15,36.09,,https://www.autohome.com.cn/4266/#pvareaid=6834146,,,轻客,客车 皮卡,2.8T,手动
依维柯褒迪新能源,依维柯,,28.86,30.69,,https://www.autohome.com.cn/5057/#pvareaid=6834146,,,轻客,,136马力,
依维柯得意,依维柯,,12.44,17.00,,https://www.autohome.com.cn/2532/#pvareaid=6834146,,4.33,轻客,客车 货车,2.5T 2.8T,手动
依维柯欧胜,依维柯,,15.39,32.59,,https://www.autohome.com.cn/4580/#pvareaid=6834146,,4.37,轻客,客车 货车,3.0T,自动 手动
英菲尼迪Q50L,英菲尼迪,,26.48,38.98,,https://www.autohome.com.cn/3553/#pvareaid=6834146,,4.50,中型车,三厢,2.0T,手自一体
英菲尼迪QX50,英菲尼迪,,33.38,46.98,,https://www.autohome.com.cn/3591/#pvareaid=6834146,,4.55,中型SUV,SUV,2.0T,无级
英菲尼迪Q70,英菲尼迪,,38.18,43.98,,https://www.autohome.com.cn/3097/#pvareaid=6834146,,4.46,中大型车,三厢,2.0T,手自一体
英菲尼迪QX60,英菲尼迪,,47.98,56.98,,https://www.autohome.com.cn/3043/#pvareaid=6834146,,4.56,中大型SUV,SUV,2.5T,无级
英菲尼迪Q60,英菲尼迪,,35.88,37.78,,https://www.autohome.com.cn/3201/#pvareaid=6834146,,4.26,跑车,硬顶跑车,2.0T,手自一体
宇通T7,宇通客车,,38.80,78.80,,https://www.autohome.com.cn/4484/#pvareaid=6834146,,,轻客,客车,2.8T 3.5T,手动 自动
宇通T7新能源,宇通客车,,88.00,116.00,,https://www.autohome.com.cn/5790/#pvareaid=6834146,,,轻客,,326马力,
驭胜S350,驭胜,,15.98,20.18,,https://www.autohome.com.cn/2228/#pvareaid=6834146,,4.48,中型SUV,SUV,2.0T,手自一体 手动
中华V3,中华,,5.99,7.49,,https://www.autohome.com.cn/3530/#pvareaid=6834146,,4.50,小型SUV,SUV,1.6L,手动
中华V7,中华,,10.87,15.99,,https://www.autohome.com.cn/4503/#pvareaid=6834146,,4.59,中型SUV,SUV,1.6T 1.8T,湿式双离合 手动
领主,中兴,,8.38,19.88,,https://www.autohome.com.cn/4178/#pvareaid=6834146,,4.58,皮卡,皮卡,2.4L 2.4T 2.5T,自动 手动
威虎,中兴,,6.98,10.08,,https://www.autohome.com.cn/2519/#pvareaid=6834146,,4.62,皮卡,皮卡,1.5T 2.4L 2.5T,手动
小老虎,中兴,,5.98,6.43,,https://www.autohome.com.cn/3881/#pvareaid=6834146,,4.45,皮卡,皮卡,1.5T,手动
